"Sub Sector","Category","Shipment MSU Internal","Date"
"BABY CARE","BABY WIPES",8.4851,"2021-03"
"BABY CARE","DIAPER",16.257599999999996,"2021-03"
"DISH WASHING","ADW",8.409900000000002,"2021-03"
"DISH WASHING","HDW",8.3374,"2021-03"
"FABRIC CARE","FABRIC ENHANCER",0.36989999999999995,"2021-03"
"FABRIC CARE","LAUNDRY",26.561,"2021-03"
"FEMININE CARE","INCO",1.3025,"2021-03"
"FEMININE CARE","LINERS",6.1408000000000005,"2021-03"
"FEMININE CARE","PADS",9.841700000000003,"2021-03"
"FEMININE CARE","TAMPONS",3.5134999999999996,"2021-03"
"GROOMING","FEMALE DISPOSABL RAZ",1.5860999999999998,"2021-03"
"GROOMING","FEMALE HR RMVL APPLN",0.305,"2021-03"
"GROOMING","FEMALE PREM B&R SYS",0.7607000000000002,"2021-03"
"GROOMING","FEMALE SHAVE PREP",0.0228,"2021-03"
"GROOMING","HAIR CARE APPLIANCE",-0.002,"2021-03"
"GROOMING","MALE DISPOSABL RAZOR",10.0488,"2021-03"
"GROOMING","MALE HAIR REMV APPLN",1.3974000000000002,"2021-03"
"GROOMING","MALE OT SYSDBL EDGE",0.0769,"2021-03"
"GROOMING","MALE PREMIUM B&R SYS",3.8806999999999996,"2021-03"
"GROOMING","MALE SHAVE PREP",1.1574000000000002,"2021-03"
"GROOMING","MALE SKIN CARE",0.0336,"2021-03"
"HAIR CARE","AUSSIE",0.0571,"2021-03"
"HAIR CARE","BEAR FRUITS",0.0014000000000000002,"2021-03"
"HAIR CARE","H&S",11.5145,"2021-03"
"HAIR CARE","HERBAL ESSENCES",0.20280000000000004,"2021-03"
"HAIR CARE","MODEST EGO",0.0001,"2021-03"
"HAIR CARE","PANTENE",19.156399999999998,"2021-03"
"HOME CARE","AIR CARE",3.7150999999999996,"2021-03"
"HOME CARE","CLEANING PRODUCTS",4.078800000000001,"2021-03"
"HOME CARE","CLEANING SYSTEMS",0.3173,"2021-03"
"ORAL CARE","DENTAL FLOSS",0.1955,"2021-03"
"ORAL CARE","DENTIFRICE",2.8804000000000007,"2021-03"
"ORAL CARE","DENTURE CARE",0.2069,"2021-03"
"ORAL CARE","MANUAL ORAL CARE",0.557,"2021-03"
"ORAL CARE","ORAL RINSE",0.3278,"2021-03"
"ORAL CARE","POWER ORAL CARE",3.1746999999999996,"2021-03"
"PERSONAL CARE","APDO & BODY SPRAY",0.8129,"2021-03"
"PERSONAL CARE","MASS FRAGRANCE",0.061200000000000004,"2021-03"
"PERSONAL CARE","PERSONAL CLEANSING",0.07909999999999999,"2021-03"
"PHC CARE","SLEEP AID",0.2089,"2021-03"
"SKIN CARE","FEMALE SKIN CARE",1.2527000000000004,"2021-03"
"BABY CARE","BABY WIPES",25.790399999999998,"2021-04"
"BABY CARE","DIAPER",42.7823,"2021-04"
"DISH WASHING","ADW",10.302900000000001,"2021-04"
"DISH WASHING","HDW",31.3929,"2021-04"
"FABRIC CARE","FABRIC ENHANCER",0.8879999999999999,"2021-04"
"FABRIC CARE","LAUNDRY",86.6704,"2021-04"
"FEMININE CARE","INCO",3.0428,"2021-04"
"FEMININE CARE","LINERS",21.699000000000005,"2021-04"
"FEMININE CARE","PADS",26.5513,"2021-04"
"FEMININE CARE","TAMPONS",10.107099999999999,"2021-04"
"GROOMING","FEMALE DISPOSABL RAZ",4.0148,"2021-04"
"GROOMING","FEMALE HR RMVL APPLN",1.172,"2021-04"
"GROOMING","FEMALE PREM B&R SYS",2.1723999999999997,"2021-04"
"GROOMING","FEMALE SHAVE PREP",0.1421,"2021-04"
"GROOMING","HAIR CARE APPLIANCE",-0.022,"2021-04"
"GROOMING","MALE DISPOSABL RAZOR",23.478600000000004,"2021-04"
"GROOMING","MALE HAIR REMV APPLN",1.9321000000000002,"2021-04"
"GROOMING","MALE OT SYSDBL EDGE",0.5238999999999999,"2021-04"
"GROOMING","MALE PREMIUM B&R SYS",15.713299999999998,"2021-04"
"GROOMING","MALE SHAVE PREP",2.4551,"2021-04"
"GROOMING","MALE SKIN CARE",0.07150000000000001,"2021-04"
"HAIR CARE","AUSSIE",0.22580000000000003,"2021-04"
"HAIR CARE","BEAR FRUITS",0.0040999999999999995,"2021-04"
"HAIR CARE","H&S",34.6332,"2021-04"
"HAIR CARE","HERBAL ESSENCES",0.177,"2021-04"
"HAIR CARE","MODEST EGO",0.0004,"2021-04"
"HAIR CARE","PANTENE",55.209800000000016,"2021-04"
"HOME CARE","AIR CARE",5.0019,"2021-04"
"HOME CARE","CLEANING PRODUCTS",14.123399999999998,"2021-04"
"HOME CARE","CLEANING SYSTEMS",0.9946,"2021-04"
"ORAL CARE","DENTAL FLOSS",0.6908000000000001,"2021-04"
"ORAL CARE","DENTIFRICE",6.528500000000001,"2021-04"
"ORAL CARE","DENTURE CARE",0.40790000000000004,"2021-04"
"ORAL CARE","MANUAL ORAL CARE",1.3599999999999999,"2021-04"
"ORAL CARE","ORAL RINSE",0.5510999999999999,"2021-04"
"ORAL CARE","POWER ORAL CARE",9.634599999999999,"2021-04"
"PERSONAL CARE","APDO & BODY SPRAY",1.6565999999999999,"2021-04"
"PERSONAL CARE","MASS FRAGRANCE",0.2076,"2021-04"
"PERSONAL CARE","PERSONAL CLEANSING",0.1509,"2021-04"
"PHC CARE","SLEEP AID",0.5186999999999999,"2021-04"
"SKIN CARE","FEMALE SKIN CARE",6.157600000000001,"2021-04"
"BABY CARE","BABY WIPES",40.853100000000005,"2021-05"
"BABY CARE","DIAPER",76.80729999999998,"2021-05"
"DISH WASHING","ADW",9.894300000000001,"2021-05"
"DISH WASHING","HDW",35.4936,"2021-05"
"FABRIC CARE","FABRIC ENHANCER",0.4321,"2021-05"
"FABRIC CARE","LAUNDRY",76.4174,"2021-05"
"FEMININE CARE","INCO",2.0488,"2021-05"
"FEMININE CARE","LINERS",21.678,"2021-05"
"FEMININE CARE","PADS",25.2928,"2021-05"
"FEMININE CARE","TAMPONS",11.4153,"2021-05"
"GROOMING","FEMALE DISPOSABL RAZ",4.7856000000000005,"2021-05"
"GROOMING","FEMALE HR RMVL APPLN",2.281,"2021-05"
"GROOMING","FEMALE PREM B&R SYS",4.2548,"2021-05"
"GROOMING","FEMALE SHAVE PREP",0.0324,"2021-05"
"GROOMING","HAIR CARE APPLIANCE",-0.028,"2021-05"
"GROOMING","MALE DISPOSABL RAZOR",21.4584,"2021-05"
"GROOMING","MALE HAIR REMV APPLN",2.8552,"2021-05"
"GROOMING","MALE OT SYSDBL EDGE",0.4428,"2021-05"
"GROOMING","MALE PREMIUM B&R SYS",19.363500000000002,"2021-05"
"GROOMING","MALE SHAVE PREP",3.1022,"2021-05"
"GROOMING","MALE SKIN CARE",0.1275,"2021-05"
"HAIR CARE","AUSSIE",0.5349,"2021-05"
"HAIR CARE","BEAR FRUITS",0.0871,"2021-05"
"HAIR CARE","H&S",42.121300000000005,"2021-05"
"HAIR CARE","HERBAL ESSENCES",0.1892,"2021-05"
"HAIR CARE","MODEST EGO",0.0171,"2021-05"
"HAIR CARE","PANTENE",47.586499999999994,"2021-05"
"HOME CARE","AIR CARE",3.818600000000001,"2021-05"
"HOME CARE","CLEANING PRODUCTS",8.056099999999999,"2021-05"
"HOME CARE","CLEANING SYSTEMS",1.0153,"2021-05"
"ORAL CARE","DENTAL FLOSS",0.4385,"2021-05"
"ORAL CARE","DENTIFRICE",6.5045,"2021-05"
"ORAL CARE","DENTURE CARE",0.4553999999999999,"2021-05"
"ORAL CARE","MANUAL ORAL CARE",1.1788000000000003,"2021-05"
"ORAL CARE","ORAL RINSE",0.9351,"2021-05"
"ORAL CARE","POWER ORAL CARE",8.507399999999999,"2021-05"
"PERSONAL CARE","APDO & BODY SPRAY",2.376099999999999,"2021-05"
"PERSONAL CARE","MASS FRAGRANCE",0.11399999999999999,"2021-05"
"PERSONAL CARE","PERSONAL CLEANSING",0.2757,"2021-05"
"PHC CARE","SLEEP AID",0.4723,"2021-05"
"SKIN CARE","FEMALE SKIN CARE",6.480300000000001,"2021-05"
"BABY CARE","BABY WIPES",21.4718,"2021-06"
"BABY CARE","DIAPER",75.97230000000002,"2021-06"
"DISH WASHING","ADW",26.5,"2021-06"
"DISH WASHING","HDW",24.0468,"2021-06"
"FABRIC CARE","FABRIC ENHANCER",0.4122,"2021-06"
"FABRIC CARE","LAUNDRY",88.5061,"2021-06"
"FEMININE CARE","INCO",2.1225000000000005,"2021-06"
"FEMININE CARE","LINERS",16.1932,"2021-06"
"FEMININE CARE","PADS",24.793699999999998,"2021-06"
"FEMININE CARE","TAMPONS",10.0684,"2021-06"
"GROOMING","FEMALE DISPOSABL RAZ",4.8107,"2021-06"
"GROOMING","FEMALE HR RMVL APPLN",4.291000000000001,"2021-06"
"GROOMING","FEMALE PREM B&R SYS",5.375699999999999,"2021-06"
"GROOMING","FEMALE SHAVE PREP",0.0904,"2021-06"
"GROOMING","HAIR CARE APPLIANCE",-0.02,"2021-06"
"GROOMING","MALE DISPOSABL RAZOR",38.2874,"2021-06"
"GROOMING","MALE HAIR REMV APPLN",1.9670000000000007,"2021-06"
"GROOMING","MALE OT SYSDBL EDGE",0.2407,"2021-06"
"GROOMING","MALE PREMIUM B&R SYS",20.301000000000002,"2021-06"
"GROOMING","MALE SHAVE PREP",3.3958000000000004,"2021-06"
"GROOMING","MALE SKIN CARE",0.0601,"2021-06"
"HAIR CARE","AUSSIE",0.463,"2021-06"
"HAIR CARE","BEAR FRUITS",-0.0274,"2021-06"
"HAIR CARE","H&S",40.174600000000005,"2021-06"
"HAIR CARE","HERBAL ESSENCES",0.2184,"2021-06"
"HAIR CARE","MODEST EGO",-0.0088,"2021-06"
"HAIR CARE","PANTENE",55.507600000000004,"2021-06"
"HOME CARE","AIR CARE",4.4967999999999995,"2021-06"
"HOME CARE","CLEANING PRODUCTS",17.690300000000004,"2021-06"
"HOME CARE","CLEANING SYSTEMS",1.5131,"2021-06"
"ORAL CARE","DENTAL FLOSS",0.43010000000000004,"2021-06"
"ORAL CARE","DENTIFRICE",8.166099999999998,"2021-06"
"ORAL CARE","DENTURE CARE",0.42950000000000005,"2021-06"
"ORAL CARE","MANUAL ORAL CARE",1.1436,"2021-06"
"ORAL CARE","ORAL RINSE",0.5314,"2021-06"
"ORAL CARE","POWER ORAL CARE",7.703699999999998,"2021-06"
"PERSONAL CARE","APDO & BODY SPRAY",0.6216,"2021-06"
"PERSONAL CARE","MASS FRAGRANCE",0.0684,"2021-06"
"PERSONAL CARE","PERSONAL CLEANSING",0.0713,"2021-06"
"PHC CARE","SLEEP AID",0.5086999999999999,"2021-06"
"SKIN CARE","FEMALE SKIN CARE",1.8034000000000003,"2021-06"
"BABY CARE","BABY WIPES",37.7152,"2021-07"
"BABY CARE","DIAPER",91.8212,"2021-07"
"DISH WASHING","ADW",32.8539,"2021-07"
"DISH WASHING","HDW",29.066300000000002,"2021-07"
"FABRIC CARE","FABRIC ENHANCER",2.0499,"2021-07"
"FABRIC CARE","LAUNDRY",236.0424,"2021-07"
"FEMININE CARE","INCO",3.3606,"2021-07"
"FEMININE CARE","LINERS",22.3831,"2021-07"
"FEMININE CARE","PADS",26.5569,"2021-07"
"FEMININE CARE","TAMPONS",12.5318,"2021-07"
"GROOMING","FEMALE DISPOSABL RAZ",5.9707,"2021-07"
"GROOMING","FEMALE HR RMVL APPLN",3.4430000000000005,"2021-07"
"GROOMING","FEMALE PREM B&R SYS",5.7058,"2021-07"
"GROOMING","FEMALE SHAVE PREP",0.1026,"2021-07"
"GROOMING","HAIR CARE APPLIANCE",-0.006,"2021-07"
"GROOMING","MALE DISPOSABL RAZOR",36.1217,"2021-07"
"GROOMING","MALE HAIR REMV APPLN",2.139,"2021-07"
"GROOMING","MALE OT SYSDBL EDGE",0.4499,"2021-07"
"GROOMING","MALE PREMIUM B&R SYS",19.180799999999998,"2021-07"
"GROOMING","MALE SHAVE PREP",3.8001000000000005,"2021-07"
"GROOMING","MALE SKIN CARE",0.0535,"2021-07"
"HAIR CARE","AUSSIE",0.5693999999999999,"2021-07"
"HAIR CARE","BEAR FRUITS",0.0041,"2021-07"
"HAIR CARE","H&S",42.696400000000004,"2021-07"
"HAIR CARE","HERBAL ESSENCES",13.2975,"2021-07"
"HAIR CARE","MODEST EGO",0.0007,"2021-07"
"HAIR CARE","PANTENE",85.56280000000002,"2021-07"
"HOME CARE","AIR CARE",11.091300000000002,"2021-07"
"HOME CARE","CLEANING PRODUCTS",23.0368,"2021-07"
"HOME CARE","CLEANING SYSTEMS",1.2467000000000001,"2021-07"
"ORAL CARE","DENTAL FLOSS",0.5531,"2021-07"
"ORAL CARE","DENTIFRICE",5.6387,"2021-07"
"ORAL CARE","DENTURE CARE",0.5219,"2021-07"
"ORAL CARE","MANUAL ORAL CARE",1.1648,"2021-07"
"ORAL CARE","ORAL RINSE",0.4159,"2021-07"
"ORAL CARE","POWER ORAL CARE",5.909300000000001,"2021-07"
"PERSONAL CARE","APDO & BODY SPRAY",2.0231,"2021-07"
"PERSONAL CARE","MASS FRAGRANCE",0.1812,"2021-07"
"PERSONAL CARE","PERSONAL CLEANSING",0.1742,"2021-07"
"PHC CARE","SLEEP AID",0.5284,"2021-07"
"SKIN CARE","FEMALE SKIN CARE",3.3786000000000005,"2021-07"
"BABY CARE","BABY WIPES",41.784600000000005,"2021-08"
"BABY CARE","DIAPER",75.66969999999999,"2021-08"
"DISH WASHING","ADW",20.735200000000003,"2021-08"
"DISH WASHING","HDW",36.171299999999995,"2021-08"
"FABRIC CARE","FABRIC ENHANCER",1.6676,"2021-08"
"FABRIC CARE","LAUNDRY",163.42920000000004,"2021-08"
"FEMININE CARE","INCO",2.4643999999999995,"2021-08"
"FEMININE CARE","LINERS",15.620999999999999,"2021-08"
"FEMININE CARE","PADS",25.176800000000004,"2021-08"
"FEMININE CARE","TAMPONS",13.9835,"2021-08"
"GROOMING","FEMALE DISPOSABL RAZ",4.3829,"2021-08"
"GROOMING","FEMALE HR RMVL APPLN",2.223,"2021-08"
"GROOMING","FEMALE PREM B&R SYS",6.25,"2021-08"
"GROOMING","FEMALE SHAVE PREP",0.0664,"2021-08"
"GROOMING","HAIR CARE APPLIANCE",-0.009000000000000001,"2021-08"
"GROOMING","MALE DISPOSABL RAZOR",35.6903,"2021-08"
"GROOMING","MALE HAIR REMV APPLN",2.6498000000000004,"2021-08"
"GROOMING","MALE OT SYSDBL EDGE",0.3434,"2021-08"
"GROOMING","MALE PREMIUM B&R SYS",23.149099999999997,"2021-08"
"GROOMING","MALE SHAVE PREP",3.8699,"2021-08"
"GROOMING","MALE SKIN CARE",0.17980000000000002,"2021-08"
"HAIR CARE","AUSSIE",1.5095999999999998,"2021-08"
"HAIR CARE","BEAR FRUITS",0.039,"2021-08"
"HAIR CARE","H&S",43.984199999999994,"2021-08"
"HAIR CARE","HERBAL ESSENCES",4.1469,"2021-08"
"HAIR CARE","MODEST EGO",0.0015999999999999999,"2021-08"
"HAIR CARE","PANTENE",80.17069999999994,"2021-08"
"HOME CARE","AIR CARE",10.252600000000001,"2021-08"
"HOME CARE","CLEANING PRODUCTS",14.3674,"2021-08"
"HOME CARE","CLEANING SYSTEMS",3.4268000000000005,"2021-08"
"ORAL CARE","DENTAL FLOSS",0.6689,"2021-08"
"ORAL CARE","DENTIFRICE",4.5899,"2021-08"
"ORAL CARE","DENTURE CARE",0.3784,"2021-08"
"ORAL CARE","MANUAL ORAL CARE",1.3507,"2021-08"
"ORAL CARE","ORAL RINSE",0.7551,"2021-08"
"ORAL CARE","POWER ORAL CARE",9.626099999999997,"2021-08"
"PERSONAL CARE","APDO & BODY SPRAY",1.5658,"2021-08"
"PERSONAL CARE","MASS FRAGRANCE",0.156,"2021-08"
"PERSONAL CARE","PERSONAL CLEANSING",0.1381,"2021-08"
"PHC CARE","SLEEP AID",0.5652999999999999,"2021-08"
"SKIN CARE","FEMALE SKIN CARE",3.4457999999999998,"2021-08"
"BABY CARE","BABY WIPES",28.8114,"2021-09"
"BABY CARE","DIAPER",77.08400000000003,"2021-09"
"DISH WASHING","ADW",20.700800000000005,"2021-09"
"DISH WASHING","HDW",26.349500000000006,"2021-09"
"FABRIC CARE","FABRIC ENHANCER",1.1645,"2021-09"
"FABRIC CARE","LAUNDRY",162.25879999999995,"2021-09"
"FEMININE CARE","INCO",2.6231,"2021-09"
"FEMININE CARE","LINERS",16.8874,"2021-09"
"FEMININE CARE","PADS",29.733700000000006,"2021-09"
"FEMININE CARE","TAMPONS",10.5155,"2021-09"
"GROOMING","FEMALE DISPOSABL RAZ",3.6502,"2021-09"
"GROOMING","FEMALE HR RMVL APPLN",1.5390000000000001,"2021-09"
"GROOMING","FEMALE PREM B&R SYS",3.6653000000000007,"2021-09"
"GROOMING","FEMALE SHAVE PREP",0.0523,"2021-09"
"GROOMING","HAIR CARE APPLIANCE",-0.001,"2021-09"
"GROOMING","MALE DISPOSABL RAZOR",31.4575,"2021-09"
"GROOMING","MALE HAIR REMV APPLN",2.1844,"2021-09"
"GROOMING","MALE OT SYSDBL EDGE",0.222,"2021-09"
"GROOMING","MALE PREMIUM B&R SYS",19.126600000000003,"2021-09"
"GROOMING","MALE SHAVE PREP",2.7994999999999997,"2021-09"
"GROOMING","MALE SKIN CARE",0.0178,"2021-09"
"HAIR CARE","AUSSIE",0.40969999999999995,"2021-09"
"HAIR CARE","BEAR FRUITS",0.0116,"2021-09"
"HAIR CARE","H&S",41.29759999999999,"2021-09"
"HAIR CARE","HERBAL ESSENCES",2.1096999999999992,"2021-09"
"HAIR CARE","MODEST EGO",0.0007,"2021-09"
"HAIR CARE","PANTENE",53.548099999999984,"2021-09"
"HOME CARE","AIR CARE",11.215100000000001,"2021-09"
"HOME CARE","CLEANING PRODUCTS",15.417799999999998,"2021-09"
"HOME CARE","CLEANING SYSTEMS",2.7466,"2021-09"
"ORAL CARE","DENTAL FLOSS",0.5962,"2021-09"
"ORAL CARE","DENTIFRICE",7.3386000000000005,"2021-09"
"ORAL CARE","DENTURE CARE",0.5313000000000001,"2021-09"
"ORAL CARE","MANUAL ORAL CARE",1.2711999999999997,"2021-09"
"ORAL CARE","ORAL RINSE",0.7206,"2021-09"
"ORAL CARE","POWER ORAL CARE",6.469699999999998,"2021-09"
"PERSONAL CARE","APDO & BODY SPRAY",1.5695,"2021-09"
"PERSONAL CARE","MASS FRAGRANCE",0.0948,"2021-09"
"PERSONAL CARE","PERSONAL CLEANSING",0.1582,"2021-09"
"PHC CARE","SLEEP AID",1.099,"2021-09"
"SKIN CARE","FEMALE SKIN CARE",4.158900000000001,"2021-09"
"BABY CARE","BABY WIPES",4.088800000000001,"2021-10"
"BABY CARE","DIAPER",91.2232,"2021-10"
"DISH WASHING","ADW",18.929100000000002,"2021-10"
"DISH WASHING","HDW",29.8765,"2021-10"
"FABRIC CARE","FABRIC ENHANCER",3.1847999999999996,"2021-10"
"FABRIC CARE","LAUNDRY",157.46360000000007,"2021-10"
"FEMININE CARE","INCO",3.4438000000000004,"2021-10"
"FEMININE CARE","LINERS",19.1788,"2021-10"
"FEMININE CARE","PADS",24.613500000000002,"2021-10"
"FEMININE CARE","TAMPONS",11.602899999999998,"2021-10"
"GROOMING","FEMALE DISPOSABL RAZ",3.3428,"2021-10"
"GROOMING","FEMALE HR RMVL APPLN",1.4969999999999999,"2021-10"
"GROOMING","FEMALE PREM B&R SYS",4.1356,"2021-10"
"GROOMING","FEMALE SHAVE PREP",0.0523,"2021-10"
"GROOMING","HAIR CARE APPLIANCE",-0.005,"2021-10"
"GROOMING","MALE DISPOSABL RAZOR",29.569400000000005,"2021-10"
"GROOMING","MALE HAIR REMV APPLN",6.0674,"2021-10"
"GROOMING","MALE OT SYSDBL EDGE",0.5745,"2021-10"
"GROOMING","MALE PREMIUM B&R SYS",23.920299999999994,"2021-10"
"GROOMING","MALE SHAVE PREP",3.4147,"2021-10"
"GROOMING","MALE SKIN CARE",0.3093,"2021-10"
"HAIR CARE","AUSSIE",0.28010000000000007,"2021-10"
"HAIR CARE","BEAR FRUITS",0.011,"2021-10"
"HAIR CARE","H&S",29.063800000000004,"2021-10"
"HAIR CARE","HERBAL ESSENCES",3.6183000000000005,"2021-10"
"HAIR CARE","MODEST EGO",0.0006000000000000001,"2021-10"
"HAIR CARE","PANTENE",61.11040000000001,"2021-10"
"HOME CARE","AIR CARE",11.759,"2021-10"
"HOME CARE","CLEANING PRODUCTS",15.902499999999998,"2021-10"
"HOME CARE","CLEANING SYSTEMS",2.5610999999999997,"2021-10"
"ORAL CARE","DENTAL FLOSS",0.5510999999999999,"2021-10"
"ORAL CARE","DENTIFRICE",6.259300000000001,"2021-10"
"ORAL CARE","DENTURE CARE",0.4615999999999999,"2021-10"
"ORAL CARE","MANUAL ORAL CARE",1.4212999999999998,"2021-10"
"ORAL CARE","ORAL RINSE",0.9043000000000001,"2021-10"
"ORAL CARE","POWER ORAL CARE",14.965999999999998,"2021-10"
"PERSONAL CARE","APDO & BODY SPRAY",1.5189999999999997,"2021-10"
"PERSONAL CARE","MASS FRAGRANCE",0.5052,"2021-10"
"PERSONAL CARE","PERSONAL CLEANSING",0.177,"2021-10"
"PHC CARE","SLEEP AID",0.532,"2021-10"
"SKIN CARE","FEMALE SKIN CARE",4.881799999999999,"2021-10"
"BABY CARE","BABY WIPES",28.9529,"2021-11"
"BABY CARE","DIAPER",80.72399999999998,"2021-11"
"DISH WASHING","ADW",26.395899999999997,"2021-11"
"DISH WASHING","HDW",33.6554,"2021-11"
"FABRIC CARE","FABRIC ENHANCER",2.0410999999999997,"2021-11"
"FABRIC CARE","LAUNDRY",146.87590000000003,"2021-11"
"FEMININE CARE","INCO",2.6477000000000004,"2021-11"
"FEMININE CARE","LINERS",16.0841,"2021-11"
"FEMININE CARE","PADS",26.79379999999999,"2021-11"
"FEMININE CARE","TAMPONS",12.571399999999999,"2021-11"
"GROOMING","FEMALE DISPOSABL RAZ",1.9053,"2021-11"
"GROOMING","FEMALE HR RMVL APPLN",3.975,"2021-11"
"GROOMING","FEMALE PREM B&R SYS",1.8044999999999998,"2021-11"
"GROOMING","FEMALE SHAVE PREP",0.0491,"2021-11"
"GROOMING","HAIR CARE APPLIANCE",-0.003,"2021-11"
"GROOMING","MALE DISPOSABL RAZOR",27.3806,"2021-11"
"GROOMING","MALE HAIR REMV APPLN",6.946400000000001,"2021-11"
"GROOMING","MALE OT SYSDBL EDGE",0.344,"2021-11"
"GROOMING","MALE PREMIUM B&R SYS",19.071900000000003,"2021-11"
"GROOMING","MALE SHAVE PREP",3.3855000000000004,"2021-11"
"GROOMING","MALE SKIN CARE",0.3589,"2021-11"
"HAIR CARE","AUSSIE",0.32439999999999997,"2021-11"
"HAIR CARE","BEAR FRUITS",0.0017000000000000001,"2021-11"
"HAIR CARE","H&S",29.705800000000004,"2021-11"
"HAIR CARE","HERBAL ESSENCES",2.5709,"2021-11"
"HAIR CARE","MODEST EGO",0,"2021-11"
"HAIR CARE","PANTENE",46.48339999999998,"2021-11"
"HOME CARE","AIR CARE",8.241999999999999,"2021-11"
"HOME CARE","CLEANING PRODUCTS",18.378400000000003,"2021-11"
"HOME CARE","CLEANING SYSTEMS",1.3979,"2021-11"
"ORAL CARE","DENTAL FLOSS",0.3608,"2021-11"
"ORAL CARE","DENTIFRICE",7.443199999999999,"2021-11"
"ORAL CARE","DENTURE CARE",0.5442,"2021-11"
"ORAL CARE","MANUAL ORAL CARE",1.0216,"2021-11"
"ORAL CARE","ORAL RINSE",0.8349000000000001,"2021-11"
"ORAL CARE","POWER ORAL CARE",12.612300000000001,"2021-11"
"PERSONAL CARE","APDO & BODY SPRAY",1.5563,"2021-11"
"PERSONAL CARE","MASS FRAGRANCE",0.2268,"2021-11"
"PERSONAL CARE","PERSONAL CLEANSING",0.17279999999999998,"2021-11"
"PHC CARE","SLEEP AID",0.7498,"2021-11"
"SKIN CARE","FEMALE SKIN CARE",7.229000000000002,"2021-11"
"BABY CARE","BABY WIPES",27.0622,"2021-12"
"BABY CARE","DIAPER",64.6702,"2021-12"
"DISH WASHING","ADW",15.811300000000001,"2021-12"
"DISH WASHING","HDW",31.932199999999995,"2021-12"
"FABRIC CARE","FABRIC ENHANCER",1.9643,"2021-12"
"FABRIC CARE","LAUNDRY",146.56220000000002,"2021-12"
"FEMININE CARE","INCO",3.1187000000000005,"2021-12"
"FEMININE CARE","LINERS",19.2684,"2021-12"
"FEMININE CARE","PADS",26.2931,"2021-12"
"FEMININE CARE","TAMPONS",9.665000000000001,"2021-12"
"GROOMING","FEMALE DISPOSABL RAZ",2.5723,"2021-12"
"GROOMING","FEMALE HR RMVL APPLN",2.5160000000000005,"2021-12"
"GROOMING","FEMALE PREM B&R SYS",2.0356,"2021-12"
"GROOMING","FEMALE SHAVE PREP",0.034,"2021-12"
"GROOMING","HAIR CARE APPLIANCE",-0.003,"2021-12"
"GROOMING","MALE DISPOSABL RAZOR",33.5831,"2021-12"
"GROOMING","MALE HAIR REMV APPLN",8.152000000000001,"2021-12"
"GROOMING","MALE OT SYSDBL EDGE",0.4003,"2021-12"
"GROOMING","MALE PREMIUM B&R SYS",21.132299999999997,"2021-12"
"GROOMING","MALE SHAVE PREP",3.3707,"2021-12"
"GROOMING","MALE SKIN CARE",0.3316,"2021-12"
"HAIR CARE","AUSSIE",0.9284000000000001,"2021-12"
"HAIR CARE","BEAR FRUITS",0.0026999999999999997,"2021-12"
"HAIR CARE","H&S",37.98880000000001,"2021-12"
"HAIR CARE","HERBAL ESSENCES",2.6012000000000004,"2021-12"
"HAIR CARE","PANTENE",49.966699999999996,"2021-12"
"HOME CARE","AIR CARE",8.4194,"2021-12"
"HOME CARE","CLEANING PRODUCTS",13.544599999999997,"2021-12"
"HOME CARE","CLEANING SYSTEMS",1.0019,"2021-12"
"ORAL CARE","DENTAL FLOSS",0.3771,"2021-12"
"ORAL CARE","DENTIFRICE",5.193900000000002,"2021-12"
"ORAL CARE","DENTURE CARE",0.5005,"2021-12"
"ORAL CARE","MANUAL ORAL CARE",1.4016000000000002,"2021-12"
"ORAL CARE","ORAL RINSE",0.48429999999999995,"2021-12"
"ORAL CARE","POWER ORAL CARE",16.641499999999997,"2021-12"
"PERSONAL CARE","APDO & BODY SPRAY",1.1262,"2021-12"
"PERSONAL CARE","MASS FRAGRANCE",0.288,"2021-12"
"PERSONAL CARE","PERSONAL CLEANSING",0.1426,"2021-12"
"PHC CARE","SLEEP AID",0.7239,"2021-12"
"SKIN CARE","FEMALE SKIN CARE",5.627299999999999,"2021-12"
"BABY CARE","BABY WIPES",21.2365,"2022-01"
"BABY CARE","DIAPER",73.35100000000001,"2022-01"
"DISH WASHING","ADW",17.5468,"2022-01"
"DISH WASHING","HDW",34.39770000000001,"2022-01"
"FABRIC CARE","FABRIC ENHANCER",3.2039,"2022-01"
"FABRIC CARE","LAUNDRY",146.21719999999996,"2022-01"
"FEMININE CARE","INCO",3.3606000000000003,"2022-01"
"FEMININE CARE","LINERS",21.2516,"2022-01"
"FEMININE CARE","PADS",27.136699999999998,"2022-01"
"FEMININE CARE","TAMPONS",9.214300000000001,"2022-01"
"GROOMING","FEMALE DISPOSABL RAZ",2.402,"2022-01"
"GROOMING","FEMALE HR RMVL APPLN",2.966,"2022-01"
"GROOMING","FEMALE PREM B&R SYS",2.1470000000000002,"2022-01"
"GROOMING","FEMALE SHAVE PREP",0.0301,"2022-01"
"GROOMING","HAIR CARE APPLIANCE",-0.006,"2022-01"
"GROOMING","MALE DISPOSABL RAZOR",31.455000000000002,"2022-01"
"GROOMING","MALE HAIR REMV APPLN",5.6080000000000005,"2022-01"
"GROOMING","MALE OT SYSDBL EDGE",1.4516000000000002,"2022-01"
"GROOMING","MALE PREMIUM B&R SYS",23.843800000000005,"2022-01"
"GROOMING","MALE SHAVE PREP",0.8596,"2022-01"
"GROOMING","MALE SKIN CARE",0.327,"2022-01"
"HAIR CARE","AUSSIE",0.26399999999999996,"2022-01"
"HAIR CARE","BEAR FRUITS",0.0024000000000000002,"2022-01"
"HAIR CARE","H&S",48.675299999999986,"2022-01"
"HAIR CARE","HERBAL ESSENCES",1.9874999999999996,"2022-01"
"HAIR CARE","PANTENE",45.64740000000001,"2022-01"
"HOME CARE","AIR CARE",5.586399999999999,"2022-01"
"HOME CARE","CLEANING PRODUCTS",16.817799999999995,"2022-01"
"HOME CARE","CLEANING SYSTEMS",1.7605000000000002,"2022-01"
"ORAL CARE","DENTAL FLOSS",0.5499,"2022-01"
"ORAL CARE","DENTIFRICE",8.271700000000001,"2022-01"
"ORAL CARE","DENTURE CARE",0.3836,"2022-01"
"ORAL CARE","MANUAL ORAL CARE",1.9471,"2022-01"
"ORAL CARE","ORAL RINSE",0.9482,"2022-01"
"ORAL CARE","POWER ORAL CARE",17.630100000000002,"2022-01"
"PERSONAL CARE","APDO & BODY SPRAY",2.2252,"2022-01"
"PERSONAL CARE","MASS FRAGRANCE",0.1188,"2022-01"
"PERSONAL CARE","PERSONAL CLEANSING",0.1088,"2022-01"
"PHC CARE","SLEEP AID",0.7484000000000001,"2022-01"
"PHC CARE","VITAMINS & SUPPLEMENTS",0.7448,"2022-01"
"SKIN CARE","FEMALE SKIN CARE",4.4732,"2022-01"
"BABY CARE","BABY WIPES",21.699800000000003,"2022-02"
"BABY CARE","DIAPER",70.93420000000002,"2022-02"
"DISH WASHING","ADW",12.112200000000001,"2022-02"
"DISH WASHING","HDW",20.9902,"2022-02"
"FABRIC CARE","FABRIC ENHANCER",2.4766000000000004,"2022-02"
"FABRIC CARE","LAUNDRY",108.05349999999999,"2022-02"
"FEMININE CARE","INCO",3.3708999999999993,"2022-02"
"FEMININE CARE","LINERS",19.0918,"2022-02"
"FEMININE CARE","PADS",24.46,"2022-02"
"FEMININE CARE","TAMPONS",7.862900000000001,"2022-02"
"GROOMING","FEMALE DISPOSABL RAZ",2.8209,"2022-02"
"GROOMING","FEMALE HR RMVL APPLN",0.9620000000000002,"2022-02"
"GROOMING","FEMALE PREM B&R SYS",2.3186999999999998,"2022-02"
"GROOMING","FEMALE SHAVE PREP",0.0378,"2022-02"
"GROOMING","HAIR CARE APPLIANCE",0.007,"2022-02"
"GROOMING","MALE DISPOSABL RAZOR",34.7483,"2022-02"
"GROOMING","MALE HAIR REMV APPLN",3.9511000000000003,"2022-02"
"GROOMING","MALE OT SYSDBL EDGE",0.7721,"2022-02"
"GROOMING","MALE PREMIUM B&R SYS",22.618199999999998,"2022-02"
"GROOMING","MALE SHAVE PREP",4.3351,"2022-02"
"GROOMING","MALE SKIN CARE",0.37629999999999997,"2022-02"
"HAIR CARE","AUSSIE",0.13160000000000002,"2022-02"
"HAIR CARE","BEAR FRUITS",0.001,"2022-02"
"HAIR CARE","H&S",29.206800000000005,"2022-02"
"HAIR CARE","HERBAL ESSENCES",2.586699999999999,"2022-02"
"HAIR CARE","PANTENE",40.4269,"2022-02"
"HOME CARE","AIR CARE",6.5924,"2022-02"
"HOME CARE","CLEANING PRODUCTS",13.909500000000001,"2022-02"
"HOME CARE","CLEANING SYSTEMS",2.9602,"2022-02"
"ORAL CARE","DENTAL FLOSS",0.4625,"2022-02"
"ORAL CARE","DENTIFRICE",7.679499999999999,"2022-02"
"ORAL CARE","DENTURE CARE",0.34519999999999995,"2022-02"
"ORAL CARE","MANUAL ORAL CARE",2.4444,"2022-02"
"ORAL CARE","ORAL RINSE",1.0583,"2022-02"
"ORAL CARE","POWER ORAL CARE",12.0787,"2022-02"
"PERSONAL CARE","APDO & BODY SPRAY",1.5118,"2022-02"
"PERSONAL CARE","MASS FRAGRANCE",0.0864,"2022-02"
"PERSONAL CARE","PERSONAL CLEANSING",0.0942,"2022-02"
"PHC CARE","SLEEP AID",0.4931,"2022-02"
"PHC CARE","VITAMINS & SUPPLEMENTS",0.3038,"2022-02"
"SKIN CARE","FEMALE SKIN CARE",3.5763000000000003,"2022-02"
"BABY CARE","BABY WIPES",27.2176,"2022-03"
"BABY CARE","DIAPER",63.8484,"2022-03"
"DISH WASHING","ADW",18.185399999999998,"2022-03"
"DISH WASHING","HDW",28.555300000000003,"2022-03"
"FABRIC CARE","FABRIC ENHANCER",2.1153,"2022-03"
"FABRIC CARE","LAUNDRY",87.51289999999999,"2022-03"
"FEMININE CARE","INCO",3.5055,"2022-03"
"FEMININE CARE","LINERS",14.4315,"2022-03"
"FEMININE CARE","PADS",29.549499999999995,"2022-03"
"FEMININE CARE","TAMPONS",14.356799999999998,"2022-03"
"GROOMING","FEMALE DISPOSABL RAZ",4.2341,"2022-03"
"GROOMING","FEMALE HR RMVL APPLN",1.1429999999999998,"2022-03"
"GROOMING","FEMALE PREM B&R SYS",2.8961,"2022-03"
"GROOMING","FEMALE SHAVE PREP",0.0359,"2022-03"
"GROOMING","HAIR CARE APPLIANCE",0.003,"2022-03"
"GROOMING","MALE DISPOSABL RAZOR",36.5197,"2022-03"
"GROOMING","MALE HAIR REMV APPLN",3.2169000000000003,"2022-03"
"GROOMING","MALE OT SYSDBL EDGE",1.7438,"2022-03"
"GROOMING","MALE PREMIUM B&R SYS",27.6196,"2022-03"
"GROOMING","MALE SHAVE PREP",1.3032000000000001,"2022-03"
"GROOMING","MALE SKIN CARE",0.20740000000000003,"2022-03"
"HAIR CARE","AUSSIE",0.0009,"2022-03"
"HAIR CARE","H&S",53.595099999999995,"2022-03"
"HAIR CARE","HERBAL ESSENCES",5.644100000000001,"2022-03"
"HAIR CARE","PANTENE",42.16989999999999,"2022-03"
"HOME CARE","AIR CARE",6.1716000000000015,"2022-03"
"HOME CARE","CLEANING PRODUCTS",12.3598,"2022-03"
"HOME CARE","CLEANING SYSTEMS",1.4618000000000002,"2022-03"
"ORAL CARE","DENTAL FLOSS",0.5589999999999999,"2022-03"
"ORAL CARE","DENTIFRICE",7.9042,"2022-03"
"ORAL CARE","DENTURE CARE",0.5131,"2022-03"
"ORAL CARE","MANUAL ORAL CARE",1.7461000000000002,"2022-03"
"ORAL CARE","ORAL RINSE",0.7207,"2022-03"
"ORAL CARE","POWER ORAL CARE",10.532100000000002,"2022-03"
"PERSONAL CARE","APDO & BODY SPRAY",1.1787999999999998,"2022-03"
"PERSONAL CARE","MASS FRAGRANCE",0.0708,"2022-03"
"PERSONAL CARE","PERSONAL CLEANSING",0.0846,"2022-03"
"PHC CARE","SLEEP AID",1.1754,"2022-03"
"PHC CARE","VITAMINS & SUPPLEMENTS",0.018899999999999997,"2022-03"
"SKIN CARE","FEMALE SKIN CARE",4.876200000000002,"2022-03"
"BABY CARE","BABY WIPES",25.198100000000004,"2022-04"
"BABY CARE","DIAPER",59.45750000000001,"2022-04"
"DISH WASHING","ADW",17.0047,"2022-04"
"DISH WASHING","HDW",19.1535,"2022-04"
"FABRIC CARE","FABRIC ENHANCER",3.0948,"2022-04"
"FABRIC CARE","LAUNDRY",100.568,"2022-04"
"FEMININE CARE","INCO",3.2267,"2022-04"
"FEMININE CARE","LINERS",15.457599999999998,"2022-04"
"FEMININE CARE","PADS",24.958500000000004,"2022-04"
"FEMININE CARE","TAMPONS",11.909300000000002,"2022-04"
"GROOMING","FEMALE DISPOSABL RAZ",6.4564,"2022-04"
"GROOMING","FEMALE HR RMVL APPLN",2.9849999999999994,"2022-04"
"GROOMING","FEMALE PREM B&R SYS",5.989700000000001,"2022-04"
"GROOMING","FEMALE SHAVE PREP",0.0596,"2022-04"
"GROOMING","MALE DISPOSABL RAZOR",29.215100000000003,"2022-04"
"GROOMING","MALE HAIR REMV APPLN",10.734800000000002,"2022-04"
"GROOMING","MALE OT SYSDBL EDGE",0.6164,"2022-04"
"GROOMING","MALE PREMIUM B&R SYS",20.7213,"2022-04"
"GROOMING","MALE SHAVE PREP",2.4856000000000003,"2022-04"
"GROOMING","MALE SKIN CARE",0.1848,"2022-04"
"HAIR CARE","AUSSIE",-0.0013,"2022-04"
"HAIR CARE","H&S",26.565299999999997,"2022-04"
"HAIR CARE","HERBAL ESSENCES",3.6117999999999992,"2022-04"
"HAIR CARE","PANTENE",54.73509999999999,"2022-04"
"HOME CARE","AIR CARE",5.8797999999999995,"2022-04"
"HOME CARE","CLEANING PRODUCTS",13.411200000000001,"2022-04"
"HOME CARE","CLEANING SYSTEMS",0.9438000000000001,"2022-04"
"ORAL CARE","DENTAL FLOSS",0.6502,"2022-04"
"ORAL CARE","DENTIFRICE",6.813,"2022-04"
"ORAL CARE","DENTURE CARE",0.7714000000000001,"2022-04"
"ORAL CARE","MANUAL ORAL CARE",1.8959,"2022-04"
"ORAL CARE","ORAL RINSE",0.7159000000000001,"2022-04"
"ORAL CARE","POWER ORAL CARE",9.426100000000002,"2022-04"
"PERSONAL CARE","APDO & BODY SPRAY",2.1632,"2022-04"
"PERSONAL CARE","MASS FRAGRANCE",0.0852,"2022-04"
"PERSONAL CARE","PERSONAL CLEANSING",0.1413,"2022-04"
"PHC CARE","SLEEP AID",1.7904,"2022-04"
"PHC CARE","VITAMINS & SUPPLEMENTS",-0.0556,"2022-04"
"SKIN CARE","FEMALE SKIN CARE",14.572299999999998,"2022-04"
"BABY CARE","BABY WIPES",22.5034,"2022-05"
"BABY CARE","DIAPER",69.16820000000001,"2022-05"
"DISH WASHING","ADW",12.687400000000004,"2022-05"
"DISH WASHING","HDW",24.881100000000004,"2022-05"
"FABRIC CARE","FABRIC ENHANCER",2.1860999999999997,"2022-05"
"FABRIC CARE","LAUNDRY",85.47330000000001,"2022-05"
"FEMININE CARE","INCO",2.1201000000000003,"2022-05"
"FEMININE CARE","LINERS",13.227699999999999,"2022-05"
"FEMININE CARE","PADS",24.5506,"2022-05"
"FEMININE CARE","TAMPONS",10.809299999999999,"2022-05"
"GROOMING","FEMALE DISPOSABL RAZ",5.0781,"2022-05"
"GROOMING","FEMALE HR RMVL APPLN",1.5990000000000002,"2022-05"
"GROOMING","FEMALE PREM B&R SYS",6.109900000000001,"2022-05"
"GROOMING","FEMALE SHAVE PREP",0.0686,"2022-05"
"GROOMING","MALE DISPOSABL RAZOR",28.930499999999995,"2022-05"
"GROOMING","MALE HAIR REMV APPLN",2.4953999999999996,"2022-05"
"GROOMING","MALE OT SYSDBL EDGE",0.5548000000000001,"2022-05"
"GROOMING","MALE PREMIUM B&R SYS",21.323300000000003,"2022-05"
"GROOMING","MALE SHAVE PREP",1.7842000000000002,"2022-05"
"GROOMING","MALE SKIN CARE",0.1478,"2022-05"
"HAIR CARE","H&S",45.045500000000004,"2022-05"
"HAIR CARE","HERBAL ESSENCES",1.9236,"2022-05"
"HAIR CARE","PANTENE",37.26089999999999,"2022-05"
"HOME CARE","AIR CARE",4.4743,"2022-05"
"HOME CARE","CLEANING PRODUCTS",10.2466,"2022-05"
"HOME CARE","CLEANING SYSTEMS",1.3041999999999998,"2022-05"
"ORAL CARE","DENTAL FLOSS",0.3195,"2022-05"
"ORAL CARE","DENTIFRICE",5.6574,"2022-05"
"ORAL CARE","DENTURE CARE",0.6004,"2022-05"
"ORAL CARE","MANUAL ORAL CARE",1.3939,"2022-05"
"ORAL CARE","ORAL RINSE",0.633,"2022-05"
"ORAL CARE","POWER ORAL CARE",8.941699999999999,"2022-05"
"PERSONAL CARE","APDO & BODY SPRAY",1.3824999999999998,"2022-05"
"PERSONAL CARE","MASS FRAGRANCE",0.054,"2022-05"
"PERSONAL CARE","PERSONAL CLEANSING",0.0603,"2022-05"
"PHC CARE","SLEEP AID",1.8705,"2022-05"
"PHC CARE","VITAMINS & SUPPLEMENTS",0.2661,"2022-05"
"SKIN CARE","FEMALE SKIN CARE",17.2259,"2022-05"
"BABY CARE","BABY WIPES",31.8786,"2022-06"
"BABY CARE","DIAPER",65.06280000000001,"2022-06"
"DISH WASHING","ADW",25.5238,"2022-06"
"DISH WASHING","HDW",30.203899999999997,"2022-06"
"FABRIC CARE","FABRIC ENHANCER",1.5431,"2022-06"
"FABRIC CARE","LAUNDRY",90.80370000000002,"2022-06"
"FEMININE CARE","INCO",4.836800000000001,"2022-06"
"FEMININE CARE","LINERS",20.8776,"2022-06"
"FEMININE CARE","PADS",29.325900000000004,"2022-06"
"FEMININE CARE","TAMPONS",13.4803,"2022-06"
"GROOMING","FEMALE DISPOSABL RAZ",6.4384,"2022-06"
"GROOMING","FEMALE HR RMVL APPLN",3.455,"2022-06"
"GROOMING","FEMALE PREM B&R SYS",5.7036,"2022-06"
"GROOMING","FEMALE SHAVE PREP",0.0231,"2022-06"
"GROOMING","MALE DISPOSABL RAZOR",34.009699999999995,"2022-06"
"GROOMING","MALE HAIR REMV APPLN",3.6139999999999994,"2022-06"
"GROOMING","MALE OT SYSDBL EDGE",0.5135,"2022-06"
"GROOMING","MALE PREMIUM B&R SYS",17.754500000000004,"2022-06"
"GROOMING","MALE SHAVE PREP",2.1435,"2022-06"
"GROOMING","MALE SKIN CARE",0.6125,"2022-06"
"HAIR CARE","H&S",41.62930000000001,"2022-06"
"HAIR CARE","HERBAL ESSENCES",4.166899999999999,"2022-06"
"HAIR CARE","PANTENE",46.62820000000002,"2022-06"
"HOME CARE","AIR CARE",5.5092,"2022-06"
"HOME CARE","CLEANING PRODUCTS",16.2911,"2022-06"
"HOME CARE","CLEANING SYSTEMS",1.9869999999999999,"2022-06"
"ORAL CARE","DENTAL FLOSS",0.5312,"2022-06"
"ORAL CARE","DENTIFRICE",7.4435,"2022-06"
"ORAL CARE","DENTURE CARE",0.32030000000000003,"2022-06"
"ORAL CARE","MANUAL ORAL CARE",1.5745,"2022-06"
"ORAL CARE","ORAL RINSE",0.8109,"2022-06"
"ORAL CARE","POWER ORAL CARE",8.301999999999998,"2022-06"
"PERSONAL CARE","APDO & BODY SPRAY",1.2083,"2022-06"
"PERSONAL CARE","MASS FRAGRANCE",0.0456,"2022-06"
"PERSONAL CARE","PERSONAL CLEANSING",0.0453,"2022-06"
"PHC CARE","SLEEP AID",1.5676999999999999,"2022-06"
"PHC CARE","VITAMINS & SUPPLEMENTS",0.0659,"2022-06"
"SKIN CARE","FEMALE SKIN CARE",1.9742000000000002,"2022-06"
"BABY CARE","BABY WIPES",19.2482,"2022-07"
"BABY CARE","DIAPER",86.09769999999999,"2022-07"
"DISH WASHING","ADW",16.0807,"2022-07"
"DISH WASHING","HDW",20.809,"2022-07"
"FABRIC CARE","FABRIC ENHANCER",2.6954999999999996,"2022-07"
"FABRIC CARE","LAUNDRY",146.03369999999998,"2022-07"
"FEMININE CARE","INCO",2.9823999999999997,"2022-07"
"FEMININE CARE","LINERS",14.4714,"2022-07"
"FEMININE CARE","PADS",19.083999999999996,"2022-07"
"FEMININE CARE","TAMPONS",12.914500000000002,"2022-07"
"GROOMING","FEMALE DISPOSABL RAZ",5.7308,"2022-07"
"GROOMING","FEMALE HR RMVL APPLN",2.574,"2022-07"
"GROOMING","FEMALE PREM B&R SYS",6.5604,"2022-07"
"GROOMING","MALE DISPOSABL RAZOR",40.7355,"2022-07"
"GROOMING","MALE HAIR REMV APPLN",2.1961,"2022-07"
"GROOMING","MALE OT SYSDBL EDGE",0.7289,"2022-07"
"GROOMING","MALE PREMIUM B&R SYS",17.532500000000002,"2022-07"
"GROOMING","MALE SHAVE PREP",2.2668,"2022-07"
"GROOMING","MALE SKIN CARE",0.1221,"2022-07"
"HAIR CARE","H&S",36.849,"2022-07"
"HAIR CARE","HERBAL ESSENCES",3.5253000000000005,"2022-07"
"HAIR CARE","PANTENE",59.66610000000001,"2022-07"
"HOME CARE","AIR CARE",9.1433,"2022-07"
"HOME CARE","CLEANING PRODUCTS",11.196600000000002,"2022-07"
"HOME CARE","CLEANING SYSTEMS",1.2576999999999998,"2022-07"
"ORAL CARE","DENTAL FLOSS",0.5545,"2022-07"
"ORAL CARE","DENTIFRICE",7.5468,"2022-07"
"ORAL CARE","DENTURE CARE",0.5634,"2022-07"
"ORAL CARE","MANUAL ORAL CARE",2.4789999999999996,"2022-07"
"ORAL CARE","ORAL RINSE",1.1100999999999999,"2022-07"
"ORAL CARE","POWER ORAL CARE",9.839000000000002,"2022-07"
"PERSONAL CARE","APDO & BODY SPRAY",2.1173,"2022-07"
"PERSONAL CARE","MASS FRAGRANCE",0.1212,"2022-07"
"PERSONAL CARE","PERSONAL CLEANSING",0.0608,"2022-07"
"PHC CARE","SLEEP AID",1.7424,"2022-07"
"PHC CARE","VITAMINS & SUPPLEMENTS",0.027699999999999995,"2022-07"
"SKIN CARE","FEMALE SKIN CARE",2.2470000000000003,"2022-07"
"BABY CARE","BABY WIPES",31.362299999999994,"2022-08"
"BABY CARE","DIAPER",64.36820000000002,"2022-08"
"DISH WASHING","ADW",17.694000000000003,"2022-08"
"DISH WASHING","HDW",28.1686,"2022-08"
"FABRIC CARE","FABRIC ENHANCER",3.9446,"2022-08"
"FABRIC CARE","LAUNDRY",134.19840000000002,"2022-08"
"FEMININE CARE","INCO",3.6643999999999997,"2022-08"
"FEMININE CARE","LINERS",20.0113,"2022-08"
"FEMININE CARE","PADS",21.6493,"2022-08"
"FEMININE CARE","TAMPONS",14.601000000000003,"2022-08"
"GROOMING","FEMALE DISPOSABL RAZ",5.7528,"2022-08"
"GROOMING","FEMALE HR RMVL APPLN",3.2640000000000002,"2022-08"
"GROOMING","FEMALE PREM B&R SYS",7.9518,"2022-08"
"GROOMING","MALE DISPOSABL RAZOR",44.2437,"2022-08"
"GROOMING","MALE HAIR REMV APPLN",4.275200000000001,"2022-08"
"GROOMING","MALE OT SYSDBL EDGE",0.8551,"2022-08"
"GROOMING","MALE PREMIUM B&R SYS",24.246499999999997,"2022-08"
"GROOMING","MALE SHAVE PREP",2.6922,"2022-08"
"GROOMING","MALE SKIN CARE",0.22089999999999999,"2022-08"
"HAIR CARE","H&S",54.57639999999999,"2022-08"
"HAIR CARE","HERBAL ESSENCES",4.391799999999999,"2022-08"
"HAIR CARE","PANTENE",65.03510000000001,"2022-08"
"HOME CARE","AIR CARE",7.233799999999999,"2022-08"
"HOME CARE","CLEANING PRODUCTS",13.9113,"2022-08"
"HOME CARE","CLEANING SYSTEMS",2.3518999999999997,"2022-08"
"ORAL CARE","DENTAL FLOSS",0.5298,"2022-08"
"ORAL CARE","DENTIFRICE",8.488899999999997,"2022-08"
"ORAL CARE","DENTURE CARE",0.515,"2022-08"
"ORAL CARE","MANUAL ORAL CARE",1.6441,"2022-08"
"ORAL CARE","ORAL RINSE",1.0741,"2022-08"
"ORAL CARE","POWER ORAL CARE",12.094100000000001,"2022-08"
"PERSONAL CARE","APDO & BODY SPRAY",1.9637,"2022-08"
"PERSONAL CARE","MASS FRAGRANCE",0.0972,"2022-08"
"PERSONAL CARE","PERSONAL CLEANSING",0.0658,"2022-08"
"PHC CARE","SLEEP AID",1.6121,"2022-08"
"PHC CARE","VITAMINS & SUPPLEMENTS",0.0584,"2022-08"
"SKIN CARE","FEMALE SKIN CARE",3.887400000000001,"2022-08"
"BABY CARE","BABY WIPES",19.312700000000003,"2022-09"
"BABY CARE","DIAPER",66.69160000000001,"2022-09"
"DISH WASHING","ADW",23.808799999999998,"2022-09"
"DISH WASHING","HDW",33.75760000000001,"2022-09"
"FABRIC CARE","FABRIC ENHANCER",4.0942,"2022-09"
"FABRIC CARE","LAUNDRY",119.81329999999998,"2022-09"
"FEMININE CARE","INCO",2.5693,"2022-09"
"FEMININE CARE","LINERS",16.935,"2022-09"
"FEMININE CARE","PADS",23.87029999999999,"2022-09"
"FEMININE CARE","TAMPONS",10.201400000000001,"2022-09"
"GROOMING","FEMALE DISPOSABL RAZ",2.6672000000000002,"2022-09"
"GROOMING","FEMALE HR RMVL APPLN",1.2030000000000003,"2022-09"
"GROOMING","FEMALE PREM B&R SYS",2.3847,"2022-09"
"GROOMING","MALE DISPOSABL RAZOR",34.0611,"2022-09"
"GROOMING","MALE HAIR REMV APPLN",3.673800000000001,"2022-09"
"GROOMING","MALE OT SYSDBL EDGE",0.9615,"2022-09"
"GROOMING","MALE PREMIUM B&R SYS",22.5127,"2022-09"
"GROOMING","MALE SHAVE PREP",2.9357,"2022-09"
"GROOMING","MALE SKIN CARE",0.44020000000000004,"2022-09"
"HAIR CARE","H&S",36.1692,"2022-09"
"HAIR CARE","HERBAL ESSENCES",2.5544999999999995,"2022-09"
"HAIR CARE","PANTENE",45.41369999999999,"2022-09"
"HOME CARE","AIR CARE",8.89,"2022-09"
"HOME CARE","CLEANING PRODUCTS",17.368,"2022-09"
"HOME CARE","CLEANING SYSTEMS",2.2864999999999998,"2022-09"
"ORAL CARE","DENTAL FLOSS",0.31,"2022-09"
"ORAL CARE","DENTIFRICE",7.094299999999999,"2022-09"
"ORAL CARE","DENTURE CARE",0.4482999999999999,"2022-09"
"ORAL CARE","MANUAL ORAL CARE",1.1143,"2022-09"
"ORAL CARE","ORAL RINSE",0.7839,"2022-09"
"ORAL CARE","POWER ORAL CARE",7.9517999999999995,"2022-09"
"PERSONAL CARE","APDO & BODY SPRAY",2.3678000000000003,"2022-09"
"PERSONAL CARE","MASS FRAGRANCE",0.042,"2022-09"
"PERSONAL CARE","PERSONAL CLEANSING",0.0814,"2022-09"
"PHC CARE","SLEEP AID",2.1368,"2022-09"
"PHC CARE","VITAMINS & SUPPLEMENTS",0.026,"2022-09"
"SKIN CARE","FEMALE SKIN CARE",3.2557,"2022-09"
"BABY CARE","BABY WIPES",18.955399999999997,"2022-10"
"BABY CARE","DIAPER",63.03609999999998,"2022-10"
"DISH WASHING","ADW",17.7667,"2022-10"
"DISH WASHING","HDW",17.654199999999996,"2022-10"
"FABRIC CARE","FABRIC ENHANCER",4.1867,"2022-10"
"FABRIC CARE","LAUNDRY",100.90829999999997,"2022-10"
"FEMININE CARE","INCO",3.4709999999999996,"2022-10"
"FEMININE CARE","LINERS",17.7847,"2022-10"
"FEMININE CARE","PADS",22.317999999999998,"2022-10"
"FEMININE CARE","TAMPONS",8.984100000000002,"2022-10"
"GROOMING","FEMALE DISPOSABL RAZ",2.2719,"2022-10"
"GROOMING","FEMALE HR RMVL APPLN",1.3900000000000001,"2022-10"
"GROOMING","FEMALE PREM B&R SYS",2.0312,"2022-10"
"GROOMING","MALE DISPOSABL RAZOR",27.897599999999997,"2022-10"
"GROOMING","MALE HAIR REMV APPLN",4.2439,"2022-10"
"GROOMING","MALE OT SYSDBL EDGE",0.669,"2022-10"
"GROOMING","MALE PREMIUM B&R SYS",41.0859,"2022-10"
"GROOMING","MALE SHAVE PREP",3.6935999999999996,"2022-10"
"GROOMING","MALE SKIN CARE",0.19080000000000003,"2022-10"
"HAIR CARE","H&S",35.893600000000006,"2022-10"
"HAIR CARE","HERBAL ESSENCES",2.7929000000000004,"2022-10"
"HAIR CARE","PANTENE",57.3378,"2022-10"
"HOME CARE","AIR CARE",8.573799999999999,"2022-10"
"HOME CARE","CLEANING PRODUCTS",11.1617,"2022-10"
"HOME CARE","CLEANING SYSTEMS",1.2814,"2022-10"
"ORAL CARE","DENTAL FLOSS",0.4297,"2022-10"
"ORAL CARE","DENTIFRICE",7.904900000000001,"2022-10"
"ORAL CARE","DENTURE CARE",0.5509000000000001,"2022-10"
"ORAL CARE","MANUAL ORAL CARE",1.2882,"2022-10"
"ORAL CARE","ORAL RINSE",1.4088,"2022-10"
"ORAL CARE","POWER ORAL CARE",11.133200000000002,"2022-10"
"PERSONAL CARE","APDO & BODY SPRAY",2.4181,"2022-10"
"PERSONAL CARE","MASS FRAGRANCE",0.3432,"2022-10"
"PERSONAL CARE","PERSONAL CLEANSING",0.16140000000000002,"2022-10"
"PHC CARE","SLEEP AID",0.6984,"2022-10"
"PHC CARE","VITAMINS & SUPPLEMENTS",0.010100000000000001,"2022-10"
"SKIN CARE","FEMALE SKIN CARE",5.62,"2022-10"
"BABY CARE","BABY WIPES",21.340000000000003,"2022-11"
"BABY CARE","DIAPER",65.94309999999999,"2022-11"
"DISH WASHING","ADW",12.650599999999999,"2022-11"
"DISH WASHING","HDW",20.946999999999996,"2022-11"
"FABRIC CARE","FABRIC ENHANCER",3.1451000000000002,"2022-11"
"FABRIC CARE","LAUNDRY",126.02420000000001,"2022-11"
"FEMININE CARE","INCO",3.3926000000000007,"2022-11"
"FEMININE CARE","LINERS",18.2823,"2022-11"
"FEMININE CARE","PADS",25.5114,"2022-11"
"FEMININE CARE","TAMPONS",12.401499999999999,"2022-11"
"GROOMING","FEMALE DISPOSABL RAZ",1.8269,"2022-11"
"GROOMING","FEMALE HR RMVL APPLN",3.7499999999999996,"2022-11"
"GROOMING","FEMALE PREM B&R SYS",2.2375,"2022-11"
"GROOMING","MALE DISPOSABL RAZOR",24.5122,"2022-11"
"GROOMING","MALE HAIR REMV APPLN",4.254199999999998,"2022-11"
"GROOMING","MALE OT SYSDBL EDGE",0.49940000000000007,"2022-11"
"GROOMING","MALE PREMIUM B&R SYS",19.010900000000003,"2022-11"
"GROOMING","MALE SHAVE PREP",1.4606,"2022-11"
"GROOMING","MALE SKIN CARE",0.17520000000000002,"2022-11"
"HAIR CARE","H&S",20.4466,"2022-11"
"HAIR CARE","HERBAL ESSENCES",1.9628999999999999,"2022-11"
"HAIR CARE","PANTENE",39.00770000000001,"2022-11"
"HOME CARE","AIR CARE",6.466499999999999,"2022-11"
"HOME CARE","CLEANING PRODUCTS",7.0688,"2022-11"
"HOME CARE","CLEANING SYSTEMS",2.2478,"2022-11"
"ORAL CARE","DENTAL FLOSS",0.4575,"2022-11"
"ORAL CARE","DENTIFRICE",8.4318,"2022-11"
"ORAL CARE","DENTURE CARE",0.6086,"2022-11"
"ORAL CARE","MANUAL ORAL CARE",0.6906,"2022-11"
"ORAL CARE","ORAL RINSE",0.5431,"2022-11"
"ORAL CARE","POWER ORAL CARE",13.2224,"2022-11"
"PERSONAL CARE","APDO & BODY SPRAY",2.9672999999999994,"2022-11"
"PERSONAL CARE","MASS FRAGRANCE",0.2424,"2022-11"
"PERSONAL CARE","PERSONAL CLEANSING",0.12179999999999999,"2022-11"
"PHC CARE","SLEEP AID",3.5951000000000004,"2022-11"
"PHC CARE","VITAMINS & SUPPLEMENTS",0.0089,"2022-11"
"SKIN CARE","FEMALE SKIN CARE",3.937800000000001,"2022-11"
"BABY CARE","BABY WIPES",15.564999999999998,"2022-12"
"BABY CARE","DIAPER",51.2356,"2022-12"
"DISH WASHING","ADW",16.736099999999997,"2022-12"
"DISH WASHING","HDW",19.707,"2022-12"
"FABRIC CARE","FABRIC ENHANCER",2.5344,"2022-12"
"FABRIC CARE","LAUNDRY",74.985,"2022-12"
"FEMININE CARE","INCO",2.2828000000000004,"2022-12"
"FEMININE CARE","LINERS",14.612700000000002,"2022-12"
"FEMININE CARE","PADS",19.05850000000001,"2022-12"
"FEMININE CARE","TAMPONS",8.178700000000001,"2022-12"
"GROOMING","FEMALE DISPOSABL RAZ",1.9932999999999998,"2022-12"
"GROOMING","FEMALE HR RMVL APPLN",2.0330000000000004,"2022-12"
"GROOMING","FEMALE PREM B&R SYS",2.1885,"2022-12"
"GROOMING","MALE DISPOSABL RAZOR",23.893200000000004,"2022-12"
"GROOMING","MALE HAIR REMV APPLN",6.806000000000002,"2022-12"
"GROOMING","MALE OT SYSDBL EDGE",0.624,"2022-12"
"GROOMING","MALE PREMIUM B&R SYS",13.415300000000002,"2022-12"
"GROOMING","MALE SHAVE PREP",1.7981999999999998,"2022-12"
"GROOMING","MALE SKIN CARE",0.3719,"2022-12"
"HAIR CARE","H&S",23.929800000000004,"2022-12"
"HAIR CARE","HERBAL ESSENCES",3.1782000000000004,"2022-12"
"HAIR CARE","PANTENE",36.31939999999998,"2022-12"
"HOME CARE","AIR CARE",4.0292,"2022-12"
"HOME CARE","CLEANING PRODUCTS",7.3709,"2022-12"
"HOME CARE","CLEANING SYSTEMS",0.7023,"2022-12"
"ORAL CARE","DENTAL FLOSS",0.3536,"2022-12"
"ORAL CARE","DENTIFRICE",4.435199999999999,"2022-12"
"ORAL CARE","DENTURE CARE",0.435,"2022-12"
"ORAL CARE","MANUAL ORAL CARE",0.8562,"2022-12"
"ORAL CARE","ORAL RINSE",0.4301,"2022-12"
"ORAL CARE","POWER ORAL CARE",16.1869,"2022-12"
"PERSONAL CARE","APDO & BODY SPRAY",1.3318000000000003,"2022-12"
"PERSONAL CARE","MASS FRAGRANCE",0.21599999999999997,"2022-12"
"PERSONAL CARE","PERSONAL CLEANSING",0.1792,"2022-12"
"PHC CARE","SLEEP AID",1.1488999999999998,"2022-12"
"PHC CARE","VITAMINS & SUPPLEMENTS",0.0182,"2022-12"
"SKIN CARE","FEMALE SKIN CARE",3.4726000000000004,"2022-12"
"BABY CARE","BABY WIPES",23.0059,"2023-01"
"BABY CARE","DIAPER",71.65989999999998,"2023-01"
"DISH WASHING","ADW",17.275100000000002,"2023-01"
"DISH WASHING","HDW",29.5314,"2023-01"
"FABRIC CARE","FABRIC ENHANCER",5.660499999999999,"2023-01"
"FABRIC CARE","LAUNDRY",108.8378,"2023-01"
"FEMININE CARE","INCO",5.379,"2023-01"
"FEMININE CARE","LINERS",27.3799,"2023-01"
"FEMININE CARE","PADS",30.185800000000004,"2023-01"
"FEMININE CARE","TAMPONS",11.663499999999999,"2023-01"
"GROOMING","FEMALE DISPOSABL RAZ",2.5165000000000006,"2023-01"
"GROOMING","FEMALE HR RMVL APPLN",3.1280000000000006,"2023-01"
"GROOMING","FEMALE PREM B&R SYS",2.3495999999999997,"2023-01"
"GROOMING","MALE DISPOSABL RAZOR",46.5021,"2023-01"
"GROOMING","MALE HAIR REMV APPLN",8.244200000000001,"2023-01"
"GROOMING","MALE OT SYSDBL EDGE",0.6867,"2023-01"
"GROOMING","MALE PREMIUM B&R SYS",29.396699999999992,"2023-01"
"GROOMING","MALE SHAVE PREP",2.8339,"2023-01"
"GROOMING","MALE SKIN CARE",0.3336,"2023-01"
"HAIR CARE","H&S",48.5294,"2023-01"
"HAIR CARE","HERBAL ESSENCES",3.0223999999999998,"2023-01"
"HAIR CARE","PANTENE",44.69110000000001,"2023-01"
"HOME CARE","AIR CARE",5.935900000000001,"2023-01"
"HOME CARE","CLEANING PRODUCTS",9.955199999999998,"2023-01"
"HOME CARE","CLEANING SYSTEMS",0.9724,"2023-01"
"ORAL CARE","DENTAL FLOSS",0.6388,"2023-01"
"ORAL CARE","DENTIFRICE",13.351099999999999,"2023-01"
"ORAL CARE","DENTURE CARE",0.3088,"2023-01"
"ORAL CARE","MANUAL ORAL CARE",2.3101,"2023-01"
"ORAL CARE","ORAL RINSE",1.6131,"2023-01"
"ORAL CARE","POWER ORAL CARE",20.2669,"2023-01"
"PERSONAL CARE","APDO & BODY SPRAY",2.2953,"2023-01"
"PERSONAL CARE","MASS FRAGRANCE",0.1032,"2023-01"
"PERSONAL CARE","PERSONAL CLEANSING",0.12619999999999998,"2023-01"
"PHC CARE","SLEEP AID",1.2957,"2023-01"
"PHC CARE","VITAMINS & SUPPLEMENTS",0.0213,"2023-01"
"SKIN CARE","FEMALE SKIN CARE",6.272699999999999,"2023-01"
"BABY CARE","BABY WIPES",29.683999999999997,"2023-02"
"BABY CARE","DIAPER",54.933600000000006,"2023-02"
"DISH WASHING","ADW",14.314999999999998,"2023-02"
"DISH WASHING","HDW",22.720699999999997,"2023-02"
"FABRIC CARE","FABRIC ENHANCER",3.1057999999999995,"2023-02"
"FABRIC CARE","LAUNDRY",87.65239999999999,"2023-02"
"FEMININE CARE","INCO",3.8077000000000005,"2023-02"
"FEMININE CARE","LINERS",14.7782,"2023-02"
"FEMININE CARE","PADS",25.95900000000001,"2023-02"
"FEMININE CARE","TAMPONS",8.238199999999999,"2023-02"
"GROOMING","FEMALE DISPOSABL RAZ",2.2485999999999997,"2023-02"
"GROOMING","FEMALE HR RMVL APPLN",1.5310000000000001,"2023-02"
"GROOMING","FEMALE PREM B&R SYS",3.2417999999999996,"2023-02"
"GROOMING","MALE DISPOSABL RAZOR",26.643399999999996,"2023-02"
"GROOMING","MALE HAIR REMV APPLN",8.365,"2023-02"
"GROOMING","MALE OT SYSDBL EDGE",0.4815,"2023-02"
"GROOMING","MALE PREMIUM B&R SYS",32.6681,"2023-02"
"GROOMING","MALE SHAVE PREP",2.1147,"2023-02"
"GROOMING","MALE SKIN CARE",0.265,"2023-02"
"HAIR CARE","H&S",23.329299999999996,"2023-02"
"HAIR CARE","HERBAL ESSENCES",3.0959000000000003,"2023-02"
"HAIR CARE","PANTENE",66.63189999999999,"2023-02"
"HOME CARE","AIR CARE",5.157500000000001,"2023-02"
"HOME CARE","CLEANING PRODUCTS",10.0905,"2023-02"
"HOME CARE","CLEANING SYSTEMS",1.8671000000000002,"2023-02"
"ORAL CARE","DENTAL FLOSS",0.298,"2023-02"
"ORAL CARE","DENTIFRICE",8.097200000000003,"2023-02"
"ORAL CARE","DENTURE CARE",0.3236,"2023-02"
"ORAL CARE","MANUAL ORAL CARE",1.1229,"2023-02"
"ORAL CARE","ORAL RINSE",1.1232,"2023-02"
"ORAL CARE","POWER ORAL CARE",12.2542,"2023-02"
"PERSONAL CARE","APDO & BODY SPRAY",1.3682999999999998,"2023-02"
"PERSONAL CARE","MASS FRAGRANCE",0.0732,"2023-02"
"PERSONAL CARE","PERSONAL CLEANSING",0.1426,"2023-02"
"PHC CARE","SLEEP AID",2.5519000000000003,"2023-02"
"PHC CARE","VITAMINS & SUPPLEMENTS",0.0207,"2023-02"
"SKIN CARE","FEMALE SKIN CARE",5.8974,"2023-02"
"BABY CARE","BABY WIPES",19.4073,"2023-03"
"BABY CARE","DIAPER",56.44169999999999,"2023-03"
"DISH WASHING","ADW",16.4687,"2023-03"
"DISH WASHING","HDW",22.4333,"2023-03"
"FABRIC CARE","FABRIC ENHANCER",4.3142,"2023-03"
"FABRIC CARE","LAUNDRY",84.50179999999999,"2023-03"
"FEMININE CARE","INCO",4.2862,"2023-03"
"FEMININE CARE","LINERS",15.5856,"2023-03"
"FEMININE CARE","PADS",22.77060000000001,"2023-03"
"FEMININE CARE","TAMPONS",13.0519,"2023-03"
"GROOMING","FEMALE DISPOSABL RAZ",3.0061999999999998,"2023-03"
"GROOMING","FEMALE HR RMVL APPLN",1.242,"2023-03"
"GROOMING","FEMALE PREM B&R SYS",5.5709,"2023-03"
"GROOMING","MALE DISPOSABL RAZOR",20.3901,"2023-03"
"GROOMING","MALE HAIR REMV APPLN",2.4399999999999995,"2023-03"
"GROOMING","MALE OT SYSDBL EDGE",0.5204,"2023-03"
"GROOMING","MALE PREMIUM B&R SYS",21.9332,"2023-03"
"GROOMING","MALE SHAVE PREP",2.0645000000000002,"2023-03"
"GROOMING","MALE SKIN CARE",0.23759999999999998,"2023-03"
"HAIR CARE","H&S",44.17390000000001,"2023-03"
"HAIR CARE","HERBAL ESSENCES",3.804099999999999,"2023-03"
"HAIR CARE","PANTENE",35.23810000000001,"2023-03"
"HOME CARE","AIR CARE",6.2425,"2023-03"
"HOME CARE","CLEANING PRODUCTS",9.461,"2023-03"
"HOME CARE","CLEANING SYSTEMS",1.5792,"2023-03"
"ORAL CARE","DENTAL FLOSS",0.3403,"2023-03"
"ORAL CARE","DENTIFRICE",8.536800000000001,"2023-03"
"ORAL CARE","DENTURE CARE",0.4263,"2023-03"
"ORAL CARE","MANUAL ORAL CARE",1.5167000000000002,"2023-03"
"ORAL CARE","ORAL RINSE",0.5479999999999999,"2023-03"
"ORAL CARE","POWER ORAL CARE",10.507399999999997,"2023-03"
"PERSONAL CARE","APDO & BODY SPRAY",3.9295999999999998,"2023-03"
"PERSONAL CARE","MASS FRAGRANCE",0.1416,"2023-03"
"PERSONAL CARE","PERSONAL CLEANSING",0.17959999999999998,"2023-03"
"PHC CARE","RESPIRATORY CARE",0.0768,"2023-03"
"PHC CARE","SLEEP AID",5.9254999999999995,"2023-03"
"PHC CARE","VITAMINS & SUPPLEMENTS",0.051,"2023-03"
"SKIN CARE","FEMALE SKIN CARE",11.126,"2023-03"
"BABY CARE","BABY WIPES",22.1292,"2023-04"
"BABY CARE","DIAPER",37.9555,"2023-04"
"DISH WASHING","ADW",15.215599999999998,"2023-04"
"DISH WASHING","HDW",27.387500000000006,"2023-04"
"FABRIC CARE","FABRIC ENHANCER",3.9211,"2023-04"
"FABRIC CARE","LAUNDRY",122.19300000000001,"2023-04"
"FEMININE CARE","INCO",2.7598999999999996,"2023-04"
"FEMININE CARE","LINERS",14.6246,"2023-04"
"FEMININE CARE","PADS",20.32950000000001,"2023-04"
"FEMININE CARE","TAMPONS",9.071099999999998,"2023-04"
"GROOMING","FEMALE DISPOSABL RAZ",5.8951,"2023-04"
"GROOMING","FEMALE HR RMVL APPLN",1.461,"2023-04"
"GROOMING","FEMALE PREM B&R SYS",3.7447,"2023-04"
"GROOMING","MALE DISPOSABL RAZOR",27.234200000000005,"2023-04"
"GROOMING","MALE HAIR REMV APPLN",3.1329999999999996,"2023-04"
"GROOMING","MALE OT SYSDBL EDGE",0.5448,"2023-04"
"GROOMING","MALE PREMIUM B&R SYS",24.032200000000007,"2023-04"
"GROOMING","MALE SHAVE PREP",1.4526000000000001,"2023-04"
"GROOMING","MALE SKIN CARE",0.2495,"2023-04"
"HAIR CARE","AUSSIE",0.773,"2023-04"
"HAIR CARE","H&S",23.270999999999997,"2023-04"
"HAIR CARE","HERBAL ESSENCES",4.1587000000000005,"2023-04"
"HAIR CARE","PANTENE",40.730999999999995,"2023-04"
"HOME CARE","AIR CARE",2.9779000000000004,"2023-04"
"HOME CARE","CLEANING PRODUCTS",9.665199999999999,"2023-04"
"HOME CARE","CLEANING SYSTEMS",0.47,"2023-04"
"ORAL CARE","DENTAL FLOSS",0.45039999999999997,"2023-04"
"ORAL CARE","DENTIFRICE",5.8086,"2023-04"
"ORAL CARE","DENTURE CARE",0.6298000000000001,"2023-04"
"ORAL CARE","MANUAL ORAL CARE",1.1011000000000002,"2023-04"
"ORAL CARE","ORAL RINSE",0.6838000000000001,"2023-04"
"ORAL CARE","POWER ORAL CARE",9.330799999999998,"2023-04"
"PERSONAL CARE","APDO & BODY SPRAY",2.2148999999999996,"2023-04"
"PERSONAL CARE","MASS FRAGRANCE",0.0804,"2023-04"
"PERSONAL CARE","PERSONAL CLEANSING",0.2035,"2023-04"
"PHC CARE","RESPIRATORY CARE",0.0012,"2023-04"
"PHC CARE","SLEEP AID",1.4689,"2023-04"
"PHC CARE","VITAMINS & SUPPLEMENTS",0.0186,"2023-04"
"SKIN CARE","FEMALE SKIN CARE",5.346900000000001,"2023-04"
"BABY CARE","BABY WIPES",20.8603,"2023-05"
"BABY CARE","DIAPER",49.8904,"2023-05"
"DISH WASHING","ADW",14.563,"2023-05"
"DISH WASHING","HDW",21.3244,"2023-05"
"FABRIC CARE","FABRIC ENHANCER",2.9490999999999996,"2023-05"
"FABRIC CARE","LAUNDRY",83.0405,"2023-05"
"FEMININE CARE","INCO",3.8024,"2023-05"
"FEMININE CARE","LINERS",16.9115,"2023-05"
"FEMININE CARE","PADS",27.44900000000001,"2023-05"
"FEMININE CARE","TAMPONS",13.429699999999995,"2023-05"
"GROOMING","FEMALE DISPOSABL RAZ",6.4159999999999995,"2023-05"
"GROOMING","FEMALE HR RMVL APPLN",1.4570000000000003,"2023-05"
"GROOMING","FEMALE PREM B&R SYS",4.3165,"2023-05"
"GROOMING","MALE DISPOSABL RAZOR",31.725299999999994,"2023-05"
"GROOMING","MALE HAIR REMV APPLN",8.199,"2023-05"
"GROOMING","MALE OT SYSDBL EDGE",0.5809,"2023-05"
"GROOMING","MALE PREMIUM B&R SYS",16.831500000000002,"2023-05"
"GROOMING","MALE SHAVE PREP",1.9031000000000002,"2023-05"
"GROOMING","MALE SKIN CARE",0.2721,"2023-05"
"HAIR CARE","AUSSIE",0.16469999999999999,"2023-05"
"HAIR CARE","H&S",34.138099999999994,"2023-05"
"HAIR CARE","HERBAL ESSENCES",3.6683999999999997,"2023-05"
"HAIR CARE","PANTENE",37.728999999999985,"2023-05"
"HOME CARE","AIR CARE",3.683299999999999,"2023-05"
"HOME CARE","CLEANING PRODUCTS",5.974899999999999,"2023-05"
"HOME CARE","CLEANING SYSTEMS",0.6813,"2023-05"
"ORAL CARE","DENTAL FLOSS",0.40750000000000003,"2023-05"
"ORAL CARE","DENTIFRICE",8.529000000000002,"2023-05"
"ORAL CARE","DENTURE CARE",0.43889999999999996,"2023-05"
"ORAL CARE","MANUAL ORAL CARE",1.1961,"2023-05"
"ORAL CARE","ORAL RINSE",0.42579999999999996,"2023-05"
"ORAL CARE","POWER ORAL CARE",11.159999999999998,"2023-05"
"PERSONAL CARE","APDO & BODY SPRAY",2.3893999999999997,"2023-05"
"PERSONAL CARE","MASS FRAGRANCE",0.1056,"2023-05"
"PERSONAL CARE","PERSONAL CLEANSING",0.3695,"2023-05"
"PHC CARE","RESPIRATORY CARE",0.0012,"2023-05"
"PHC CARE","SLEEP AID",6.4872000000000005,"2023-05"
"PHC CARE","VITAMINS & SUPPLEMENTS",0.0132,"2023-05"
"SKIN CARE","FEMALE SKIN CARE",4.501500000000001,"2023-05"
"BABY CARE","BABY WIPES",21.15,"2023-06"
"BABY CARE","DIAPER",47.98560000000001,"2023-06"
"DISH WASHING","ADW",13.4481,"2023-06"
"DISH WASHING","HDW",21.771000000000004,"2023-06"
"FABRIC CARE","FABRIC ENHANCER",1.6799999999999997,"2023-06"
"FABRIC CARE","LAUNDRY",98.56750000000002,"2023-06"
"FEMININE CARE","INCO",3.948899999999999,"2023-06"
"FEMININE CARE","LINERS",17.1891,"2023-06"
"FEMININE CARE","PADS",29.230699999999995,"2023-06"
"FEMININE CARE","TAMPONS",18.958800000000004,"2023-06"
"GROOMING","FEMALE DISPOSABL RAZ",6.0386999999999995,"2023-06"
"GROOMING","FEMALE HR RMVL APPLN",1.7630000000000003,"2023-06"
"GROOMING","FEMALE PREM B&R SYS",5.1442000000000005,"2023-06"
"GROOMING","FEMALE SHAVE PREP",0.0779,"2023-06"
"GROOMING","MALE DISPOSABL RAZOR",25.03270000000001,"2023-06"
"GROOMING","MALE HAIR REMV APPLN",2.7209999999999996,"2023-06"
"GROOMING","MALE OT SYSDBL EDGE",0.6513,"2023-06"
"GROOMING","MALE PREMIUM B&R SYS",18.855900000000002,"2023-06"
"GROOMING","MALE SHAVE PREP",2.1774,"2023-06"
"GROOMING","MALE SKIN CARE",0.3126,"2023-06"
"HAIR CARE","AUSSIE",0.49859999999999993,"2023-06"
"HAIR CARE","H&S",50.1573,"2023-06"
"HAIR CARE","HERBAL ESSENCES",3.428000000000001,"2023-06"
"HAIR CARE","PANTENE",48.91729999999999,"2023-06"
"HOME CARE","AIR CARE",5.184899999999999,"2023-06"
"HOME CARE","CLEANING PRODUCTS",9.0855,"2023-06"
"HOME CARE","CLEANING SYSTEMS",1.4170000000000005,"2023-06"
"ORAL CARE","DENTAL FLOSS",0.4504,"2023-06"
"ORAL CARE","DENTIFRICE",8.4033,"2023-06"
"ORAL CARE","DENTURE CARE",0.6116,"2023-06"
"ORAL CARE","MANUAL ORAL CARE",1.4383,"2023-06"
"ORAL CARE","ORAL RINSE",0.7193,"2023-06"
"ORAL CARE","POWER ORAL CARE",6.953699999999999,"2023-06"
"PERSONAL CARE","APDO & BODY SPRAY",2.3344000000000005,"2023-06"
"PERSONAL CARE","MASS FRAGRANCE",0.0984,"2023-06"
"PERSONAL CARE","PERSONAL CLEANSING",0.33330000000000004,"2023-06"
"PHC CARE","RESPIRATORY CARE",0.0012,"2023-06"
"PHC CARE","SLEEP AID",0.8756999999999999,"2023-06"
"PHC CARE","VITAMINS & SUPPLEMENTS",0.004200000000000001,"2023-06"
"SKIN CARE","FEMALE SKIN CARE",2.6245000000000003,"2023-06"
"BABY CARE","BABY WIPES",21.461399999999998,"2023-07"
"BABY CARE","DIAPER",67.52069999999998,"2023-07"
"DISH WASHING","ADW",15.2443,"2023-07"
"DISH WASHING","HDW",26.788299999999996,"2023-07"
"FABRIC CARE","FABRIC ENHANCER",3.649800000000001,"2023-07"
"FABRIC CARE","LAUNDRY",82.93119999999999,"2023-07"
"FEMININE CARE","INCO",3.3082,"2023-07"
"FEMININE CARE","LINERS",19.5664,"2023-07"
"FEMININE CARE","PADS",25.3812,"2023-07"
"FEMININE CARE","TAMPONS",19.1264,"2023-07"
"GROOMING","FEMALE DISPOSABL RAZ",7.238700000000001,"2023-07"
"GROOMING","FEMALE HR RMVL APPLN",2.6239999999999997,"2023-07"
"GROOMING","FEMALE PREM B&R SYS",6.7528999999999995,"2023-07"
"GROOMING","FEMALE SHAVE PREP",0.9551,"2023-07"
"GROOMING","MALE DISPOSABL RAZOR",36.212599999999995,"2023-07"
"GROOMING","MALE HAIR REMV APPLN",2.1988999999999996,"2023-07"
"GROOMING","MALE OT SYSDBL EDGE",0.7382000000000001,"2023-07"
"GROOMING","MALE PREMIUM B&R SYS",14.403499999999996,"2023-07"
"GROOMING","MALE SHAVE PREP",2.7317,"2023-07"
"GROOMING","MALE SKIN CARE",0.1144,"2023-07"
"HAIR CARE","AUSSIE",0.8222,"2023-07"
"HAIR CARE","H&S",28.491400000000002,"2023-07"
"HAIR CARE","HERBAL ESSENCES",6.0600000000000005,"2023-07"
"HAIR CARE","PANTENE",62.45680000000003,"2023-07"
"HOME CARE","AIR CARE",7.3198,"2023-07"
"HOME CARE","CLEANING PRODUCTS",7.1960999999999995,"2023-07"
"HOME CARE","CLEANING SYSTEMS",1.2472000000000003,"2023-07"
"ORAL CARE","DENTAL FLOSS",0.4123,"2023-07"
"ORAL CARE","DENTIFRICE",9.487300000000001,"2023-07"
"ORAL CARE","DENTURE CARE",0.6598999999999999,"2023-07"
"ORAL CARE","MANUAL ORAL CARE",1.4581999999999997,"2023-07"
"ORAL CARE","ORAL RINSE",0.8556,"2023-07"
"ORAL CARE","POWER ORAL CARE",6.370200000000001,"2023-07"
"PERSONAL CARE","APDO & BODY SPRAY",3.5924999999999994,"2023-07"
"PERSONAL CARE","MASS FRAGRANCE",0.0972,"2023-07"
"PERSONAL CARE","PERSONAL CLEANSING",0.3397,"2023-07"
"PHC CARE","RESPIRATORY CARE",0.0006,"2023-07"
"PHC CARE","SLEEP AID",2.2935,"2023-07"
"PHC CARE","VITAMINS & SUPPLEMENTS",0.0177,"2023-07"
"SKIN CARE","FEMALE SKIN CARE",1.0625,"2023-07"
"BABY CARE","BABY WIPES",22.335400000000003,"2023-08"
"BABY CARE","DIAPER",47.08530000000001,"2023-08"
"DISH WASHING","ADW",23.9927,"2023-08"
"DISH WASHING","HDW",39.2243,"2023-08"
"FABRIC CARE","FABRIC ENHANCER",3.0878,"2023-08"
"FABRIC CARE","LAUNDRY",107.44779999999996,"2023-08"
"FEMININE CARE","INCO",3.6381999999999994,"2023-08"
"FEMININE CARE","LINERS",15.5636,"2023-08"
"FEMININE CARE","PADS",30.772800000000007,"2023-08"
"FEMININE CARE","TAMPONS",14.2986,"2023-08"
"GROOMING","FEMALE DISPOSABL RAZ",5.6147,"2023-08"
"GROOMING","FEMALE HR RMVL APPLN",2.2840000000000003,"2023-08"
"GROOMING","FEMALE PREM B&R SYS",6.899900000000001,"2023-08"
"GROOMING","FEMALE SHAVE PREP",0.0341,"2023-08"
"GROOMING","MALE DISPOSABL RAZOR",26.3781,"2023-08"
"GROOMING","MALE HAIR REMV APPLN",5.935999999999999,"2023-08"
"GROOMING","MALE OT SYSDBL EDGE",0.7428,"2023-08"
"GROOMING","MALE PREMIUM B&R SYS",21.049800000000005,"2023-08"
"GROOMING","MALE SHAVE PREP",2.0987,"2023-08"
"GROOMING","MALE SKIN CARE",0.1636,"2023-08"
"HAIR CARE","AUSSIE",0.35140000000000005,"2023-08"
"HAIR CARE","H&S",45.7264,"2023-08"
"HAIR CARE","HERBAL ESSENCES",4.0995,"2023-08"
"HAIR CARE","PANTENE",36.85940000000001,"2023-08"
"HOME CARE","AIR CARE",10.2656,"2023-08"
"HOME CARE","CLEANING PRODUCTS",7.8275999999999994,"2023-08"
"HOME CARE","CLEANING SYSTEMS",1.5623000000000002,"2023-08"
"ORAL CARE","DENTAL FLOSS",0.5558,"2023-08"
"ORAL CARE","DENTIFRICE",8.1132,"2023-08"
"ORAL CARE","DENTURE CARE",0.38789999999999997,"2023-08"
"ORAL CARE","MANUAL ORAL CARE",1.3172,"2023-08"
"ORAL CARE","ORAL RINSE",0.8253,"2023-08"
"ORAL CARE","POWER ORAL CARE",9.8895,"2023-08"
"PERSONAL CARE","APDO & BODY SPRAY",3.6026000000000007,"2023-08"
"PERSONAL CARE","MASS FRAGRANCE",0.1176,"2023-08"
"PERSONAL CARE","PERSONAL CLEANSING",0.5408999999999999,"2023-08"
"PHC CARE","RESPIRATORY CARE",0.0006,"2023-08"
"PHC CARE","SLEEP AID",6.7884,"2023-08"
"PHC CARE","VITAMINS & SUPPLEMENTS",0.0201,"2023-08"
"SKIN CARE","FEMALE SKIN CARE",2.295000000000001,"2023-08"
"BABY CARE","BABY WIPES",26.716,"2023-09"
"BABY CARE","DIAPER",69.67960000000001,"2023-09"
"DISH WASHING","ADW",20.4293,"2023-09"
"DISH WASHING","HDW",24.1154,"2023-09"
"FABRIC CARE","FABRIC ENHANCER",2.8472,"2023-09"
"FABRIC CARE","LAUNDRY",76.8051,"2023-09"
"FEMININE CARE","INCO",4.3786,"2023-09"
"FEMININE CARE","LINERS",12.9463,"2023-09"
"FEMININE CARE","PADS",17.2187,"2023-09"
"FEMININE CARE","TAMPONS",9.3421,"2023-09"
"GROOMING","FEMALE DISPOSABL RAZ",3.3774,"2023-09"
"GROOMING","FEMALE HR RMVL APPLN",1.3130000000000002,"2023-09"
"GROOMING","FEMALE PREM B&R SYS",4.076700000000001,"2023-09"
"GROOMING","FEMALE SHAVE PREP",0.0217,"2023-09"
"GROOMING","MALE DISPOSABL RAZOR",25.9515,"2023-09"
"GROOMING","MALE HAIR REMV APPLN",4.54,"2023-09"
"GROOMING","MALE OT SYSDBL EDGE",0.6157,"2023-09"
"GROOMING","MALE PREMIUM B&R SYS",24.466699999999996,"2023-09"
"GROOMING","MALE SHAVE PREP",2.3207999999999998,"2023-09"
"GROOMING","MALE SKIN CARE",0.336,"2023-09"
"HAIR CARE","AUSSIE",0.2676,"2023-09"
"HAIR CARE","H&S",41.4435,"2023-09"
"HAIR CARE","HERBAL ESSENCES",4.173399999999999,"2023-09"
"HAIR CARE","PANTENE",66.4374,"2023-09"
"HOME CARE","AIR CARE",8.2321,"2023-09"
"HOME CARE","CLEANING PRODUCTS",9.295100000000001,"2023-09"
"HOME CARE","CLEANING SYSTEMS",2.5953,"2023-09"
"ORAL CARE","DENTAL FLOSS",0.43479999999999996,"2023-09"
"ORAL CARE","DENTIFRICE",6.1115,"2023-09"
"ORAL CARE","DENTURE CARE",0.30039999999999994,"2023-09"
"ORAL CARE","MANUAL ORAL CARE",1.2166000000000001,"2023-09"
"ORAL CARE","ORAL RINSE",0.7037,"2023-09"
"ORAL CARE","POWER ORAL CARE",6.8858000000000015,"2023-09"
"PERSONAL CARE","APDO & BODY SPRAY",2.079,"2023-09"
"PERSONAL CARE","MASS FRAGRANCE",0.1104,"2023-09"
"PERSONAL CARE","PERSONAL CLEANSING",0.4901,"2023-09"
"PHC CARE","RESPIRATORY CARE",0.006,"2023-09"
"PHC CARE","SLEEP AID",1.8968,"2023-09"
"PHC CARE","VITAMINS & SUPPLEMENTS",0.009899999999999999,"2023-09"
"SKIN CARE","FEMALE SKIN CARE",2.8507000000000007,"2023-09"
"BABY CARE","BABY WIPES",15.4536,"2023-10"
"BABY CARE","DIAPER",43.5521,"2023-10"
"DISH WASHING","ADW",14.0933,"2023-10"
"DISH WASHING","HDW",19.7342,"2023-10"
"FABRIC CARE","FABRIC ENHANCER",5.159599999999999,"2023-10"
"FABRIC CARE","LAUNDRY",119.64919999999998,"2023-10"
"FEMININE CARE","INCO",4.5636,"2023-10"
"FEMININE CARE","LINERS",13.455599999999999,"2023-10"
"FEMININE CARE","PADS",19.17590000000001,"2023-10"
"FEMININE CARE","TAMPONS",8.0824,"2023-10"
"GROOMING","FEMALE DISPOSABL RAZ",2.7392,"2023-10"
"GROOMING","FEMALE HR RMVL APPLN",1.5879999999999999,"2023-10"
"GROOMING","FEMALE PREM B&R SYS",2.9794,"2023-10"
"GROOMING","FEMALE SHAVE PREP",0.0081,"2023-10"
"GROOMING","MALE DISPOSABL RAZOR",23.709100000000003,"2023-10"
"GROOMING","MALE HAIR REMV APPLN",5.843000000000001,"2023-10"
"GROOMING","MALE OT SYSDBL EDGE",0.5333,"2023-10"
"GROOMING","MALE PREMIUM B&R SYS",22.5549,"2023-10"
"GROOMING","MALE SHAVE PREP",2.2779000000000003,"2023-10"
"GROOMING","MALE SKIN CARE",0.3881,"2023-10"
"HAIR CARE","AUSSIE",1.5029,"2023-10"
"HAIR CARE","H&S",32.243900000000004,"2023-10"
"HAIR CARE","HERBAL ESSENCES",2.7277999999999993,"2023-10"
"HAIR CARE","PANTENE",40.195600000000006,"2023-10"
"HOME CARE","AIR CARE",14.594999999999999,"2023-10"
"HOME CARE","CLEANING PRODUCTS",9.976500000000001,"2023-10"
"HOME CARE","CLEANING SYSTEMS",2.1260000000000003,"2023-10"
"ORAL CARE","DENTAL FLOSS",0.4858,"2023-10"
"ORAL CARE","DENTIFRICE",7.949999999999999,"2023-10"
"ORAL CARE","DENTURE CARE",1.0374999999999999,"2023-10"
"ORAL CARE","MANUAL ORAL CARE",1.1031,"2023-10"
"ORAL CARE","ORAL RINSE",0.6448,"2023-10"
"ORAL CARE","POWER ORAL CARE",19.8975,"2023-10"
"PERSONAL CARE","APDO & BODY SPRAY",2.5308000000000006,"2023-10"
"PERSONAL CARE","MASS FRAGRANCE",0.0528,"2023-10"
"PERSONAL CARE","PERSONAL CLEANSING",0.47909999999999997,"2023-10"
"PHC CARE","RESPIRATORY CARE",0.0089,"2023-10"
"PHC CARE","SLEEP AID",2.1868,"2023-10"
"PHC CARE","VITAMINS & SUPPLEMENTS",0.0112,"2023-10"
"SKIN CARE","FEMALE SKIN CARE",10.1378,"2023-10"
"BABY CARE","BABY WIPES",22.340700000000002,"2023-11"
"BABY CARE","DIAPER",72.47879999999998,"2023-11"
"DISH WASHING","ADW",21.4226,"2023-11"
"DISH WASHING","HDW",23.5861,"2023-11"
"FABRIC CARE","FABRIC ENHANCER",5.820200000000001,"2023-11"
"FABRIC CARE","LAUNDRY",118.0208,"2023-11"
"FEMININE CARE","INCO",5.8701,"2023-11"
"FEMININE CARE","LINERS",17.309,"2023-11"
"FEMININE CARE","PADS",24.645100000000003,"2023-11"
"FEMININE CARE","TAMPONS",12.217899999999998,"2023-11"
"GROOMING","FEMALE DISPOSABL RAZ",2.3693999999999997,"2023-11"
"GROOMING","FEMALE HR RMVL APPLN",2.414,"2023-11"
"GROOMING","FEMALE PREM B&R SYS",2.1646999999999994,"2023-11"
"GROOMING","FEMALE SHAVE PREP",0.0086,"2023-11"
"GROOMING","MALE DISPOSABL RAZOR",42.5152,"2023-11"
"GROOMING","MALE HAIR REMV APPLN",7.69,"2023-11"
"GROOMING","MALE OT SYSDBL EDGE",0.538,"2023-11"
"GROOMING","MALE PREMIUM B&R SYS",26.932100000000002,"2023-11"
"GROOMING","MALE SHAVE PREP",3.4069,"2023-11"
"GROOMING","MALE SKIN CARE",0.6508,"2023-11"
"HAIR CARE","AUSSIE",0.9242000000000001,"2023-11"
"HAIR CARE","H&S",30.200899999999994,"2023-11"
"HAIR CARE","HERBAL ESSENCES",4.5644,"2023-11"
"HAIR CARE","PANTENE",48.348699999999994,"2023-11"
"HOME CARE","AIR CARE",8.036199999999997,"2023-11"
"HOME CARE","CLEANING PRODUCTS",9.828299999999999,"2023-11"
"HOME CARE","CLEANING SYSTEMS",1.2681000000000002,"2023-11"
"ORAL CARE","DENTAL FLOSS",0.41400000000000003,"2023-11"
"ORAL CARE","DENTIFRICE",8.624900000000002,"2023-11"
"ORAL CARE","DENTURE CARE",0.39740000000000003,"2023-11"
"ORAL CARE","MANUAL ORAL CARE",0.8769,"2023-11"
"ORAL CARE","ORAL RINSE",0.3749,"2023-11"
"ORAL CARE","POWER ORAL CARE",17.4361,"2023-11"
"PERSONAL CARE","APDO & BODY SPRAY",5.1401,"2023-11"
"PERSONAL CARE","MASS FRAGRANCE",0.9552,"2023-11"
"PERSONAL CARE","PERSONAL CLEANSING",0.5960000000000001,"2023-11"
"PHC CARE","RESPIRATORY CARE",0.0125,"2023-11"
"PHC CARE","SLEEP AID",2.5325,"2023-11"
"PHC CARE","VITAMINS & SUPPLEMENTS",0.0202,"2023-11"
"SKIN CARE","FEMALE SKIN CARE",6.92,"2023-11"
"BABY CARE","BABY WIPES",17.338100000000004,"2023-12"
"BABY CARE","DIAPER",52.535099999999986,"2023-12"
"DISH WASHING","ADW",14.545,"2023-12"
"DISH WASHING","HDW",20.8611,"2023-12"
"FABRIC CARE","FABRIC ENHANCER",3.7058,"2023-12"
"FABRIC CARE","LAUNDRY",73.6323,"2023-12"
"FEMININE CARE","INCO",2.7954000000000003,"2023-12"
"FEMININE CARE","LINERS",13.991299999999999,"2023-12"
"FEMININE CARE","PADS",17.316199999999995,"2023-12"
"FEMININE CARE","TAMPONS",7.246599999999999,"2023-12"
"GROOMING","FEMALE DISPOSABL RAZ",1.968,"2023-12"
"GROOMING","FEMALE HR RMVL APPLN",1.516,"2023-12"
"GROOMING","FEMALE PREM B&R SYS",2.2291,"2023-12"
"GROOMING","FEMALE SHAVE PREP",0.0906,"2023-12"
"GROOMING","MALE DISPOSABL RAZOR",18.870300000000004,"2023-12"
"GROOMING","MALE HAIR REMV APPLN",8.982,"2023-12"
"GROOMING","MALE OT SYSDBL EDGE",0.43920000000000003,"2023-12"
"GROOMING","MALE PREMIUM B&R SYS",15.3974,"2023-12"
"GROOMING","MALE SHAVE PREP",1.6885000000000001,"2023-12"
"GROOMING","MALE SKIN CARE",0.2601,"2023-12"
"HAIR CARE","AUSSIE",0.4200999999999999,"2023-12"
"HAIR CARE","H&S",17.7948,"2023-12"
"HAIR CARE","HERBAL ESSENCES",2.178,"2023-12"
"HAIR CARE","PANTENE",34.433099999999996,"2023-12"
"HOME CARE","AIR CARE",9.578499999999998,"2023-12"
"HOME CARE","CLEANING PRODUCTS",5.9044,"2023-12"
"HOME CARE","CLEANING SYSTEMS",1.5251000000000001,"2023-12"
"ORAL CARE","DENTAL FLOSS",0.3453,"2023-12"
"ORAL CARE","DENTIFRICE",4.519900000000001,"2023-12"
"ORAL CARE","DENTURE CARE",0.5217,"2023-12"
"ORAL CARE","MANUAL ORAL CARE",0.7298,"2023-12"
"ORAL CARE","ORAL RINSE",0.5283,"2023-12"
"ORAL CARE","POWER ORAL CARE",7.6962,"2023-12"
"PERSONAL CARE","APDO & BODY SPRAY",0.6787000000000001,"2023-12"
"PERSONAL CARE","MASS FRAGRANCE",0.036000000000000004,"2023-12"
"PERSONAL CARE","PERSONAL CLEANSING",0.245,"2023-12"
"PHC CARE","RESPIRATORY CARE",0.0125,"2023-12"
"PHC CARE","SLEEP AID",1.5168000000000001,"2023-12"
"PHC CARE","VITAMINS & SUPPLEMENTS",0.0276,"2023-12"
"SKIN CARE","FEMALE SKIN CARE",2.3891999999999998,"2023-12"
"BABY CARE","BABY WIPES",22.846,"2024-01"
"BABY CARE","DIAPER",58.35289999999999,"2024-01"
"DISH WASHING","ADW",18.2167,"2024-01"
"DISH WASHING","HDW",32.805499999999995,"2024-01"
"FABRIC CARE","FABRIC ENHANCER",4.8467,"2024-01"
"FABRIC CARE","LAUNDRY",107.25560000000003,"2024-01"
"FEMININE CARE","INCO",4.6209,"2024-01"
"FEMININE CARE","LINERS",17.3782,"2024-01"
"FEMININE CARE","PADS",31.105700000000002,"2024-01"
"FEMININE CARE","TAMPONS",10.2351,"2024-01"
"GROOMING","FEMALE DISPOSABL RAZ",3.1379,"2024-01"
"GROOMING","FEMALE HR RMVL APPLN",1.752,"2024-01"
"GROOMING","FEMALE PREM B&R SYS",3.1593999999999998,"2024-01"
"GROOMING","FEMALE SHAVE PREP",0.0126,"2024-01"
"GROOMING","MALE DISPOSABL RAZOR",38.314499999999995,"2024-01"
"GROOMING","MALE HAIR REMV APPLN",4.8,"2024-01"
"GROOMING","MALE OT SYSDBL EDGE",0.8219000000000001,"2024-01"
"GROOMING","MALE PREMIUM B&R SYS",25.217100000000002,"2024-01"
"GROOMING","MALE SHAVE PREP",2.6706000000000003,"2024-01"
"GROOMING","MALE SKIN CARE",0.5081,"2024-01"
"HAIR CARE","AUSSIE",1.1705999999999999,"2024-01"
"HAIR CARE","H&S",44.68409999999999,"2024-01"
"HAIR CARE","HERBAL ESSENCES",3.4882999999999997,"2024-01"
"HAIR CARE","PANTENE",43.56540000000002,"2024-01"
"HOME CARE","AIR CARE",7.410800000000002,"2024-01"
"HOME CARE","CLEANING PRODUCTS",12.551499999999999,"2024-01"
"HOME CARE","CLEANING SYSTEMS",1.6244,"2024-01"
"ORAL CARE","DENTAL FLOSS",0.8402999999999999,"2024-01"
"ORAL CARE","DENTIFRICE",11.739299999999997,"2024-01"
"ORAL CARE","DENTURE CARE",0.18329999999999996,"2024-01"
"ORAL CARE","MANUAL ORAL CARE",1.6186,"2024-01"
"ORAL CARE","ORAL RINSE",1.4519,"2024-01"
"ORAL CARE","POWER ORAL CARE",16.8894,"2024-01"
"PERSONAL CARE","APDO & BODY SPRAY",1.2908,"2024-01"
"PERSONAL CARE","MASS FRAGRANCE",0.1104,"2024-01"
"PERSONAL CARE","PERSONAL CLEANSING",0.5436000000000001,"2024-01"
"PHC CARE","RESPIRATORY CARE",0.0107,"2024-01"
"PHC CARE","SLEEP AID",1.0572,"2024-01"
"PHC CARE","VITAMINS & SUPPLEMENTS",0.0188,"2024-01"
"SKIN CARE","FEMALE SKIN CARE",8.2228,"2024-01"
"BABY CARE","BABY WIPES",27.6689,"2024-02"
"BABY CARE","DIAPER",45.162400000000005,"2024-02"
"DISH WASHING","ADW",14.928999999999997,"2024-02"
"DISH WASHING","HDW",22.023199999999996,"2024-02"
"FABRIC CARE","FABRIC ENHANCER",3.4606000000000003,"2024-02"
"FABRIC CARE","LAUNDRY",87.6628,"2024-02"
"FEMININE CARE","INCO",3.1776000000000004,"2024-02"
"FEMININE CARE","LINERS",15.135900000000001,"2024-02"
"FEMININE CARE","PADS",17.750500000000002,"2024-02"
"FEMININE CARE","TAMPONS",8.732500000000002,"2024-02"
"GROOMING","FEMALE DISPOSABL RAZ",2.9398,"2024-02"
"GROOMING","FEMALE HR RMVL APPLN",0.43199999999999994,"2024-02"
"GROOMING","FEMALE PREM B&R SYS",3.7096999999999993,"2024-02"
"GROOMING","FEMALE SHAVE PREP",0.0547,"2024-02"
"GROOMING","MALE DISPOSABL RAZOR",24.239100000000004,"2024-02"
"GROOMING","MALE HAIR REMV APPLN",6.4593,"2024-02"
"GROOMING","MALE OT SYSDBL EDGE",0.499,"2024-02"
"GROOMING","MALE PREMIUM B&R SYS",37.58850000000001,"2024-02"
"GROOMING","MALE SHAVE PREP",2.2918999999999996,"2024-02"
"GROOMING","MALE SKIN CARE",0.21699999999999997,"2024-02"
"HAIR CARE","AUSSIE",1.2158,"2024-02"
"HAIR CARE","H&S",41.32049999999999,"2024-02"
"HAIR CARE","HERBAL ESSENCES",3.0830000000000006,"2024-02"
"HAIR CARE","PANTENE",47.34320000000002,"2024-02"
"HOME CARE","AIR CARE",5.6168000000000005,"2024-02"
"HOME CARE","CLEANING PRODUCTS",8.5949,"2024-02"
"HOME CARE","CLEANING SYSTEMS",1.3342999999999998,"2024-02"
"ORAL CARE","DENTAL FLOSS",0.5069,"2024-02"
"ORAL CARE","DENTIFRICE",8.0049,"2024-02"
"ORAL CARE","DENTURE CARE",0.20909999999999998,"2024-02"
"ORAL CARE","MANUAL ORAL CARE",1.0675,"2024-02"
"ORAL CARE","ORAL RINSE",0.8545,"2024-02"
"ORAL CARE","POWER ORAL CARE",8.762900000000002,"2024-02"
"PERSONAL CARE","APDO & BODY SPRAY",1.6763000000000001,"2024-02"
"PERSONAL CARE","MASS FRAGRANCE",0.072,"2024-02"
"PERSONAL CARE","PERSONAL CLEANSING",0.2469,"2024-02"
"PHC CARE","RESPIRATORY CARE",0.0137,"2024-02"
"PHC CARE","SLEEP AID",3.1498,"2024-02"
"PHC CARE","VITAMINS & SUPPLEMENTS",0.041,"2024-02"
"SKIN CARE","FEMALE SKIN CARE",2.3629999999999995,"2024-02"
"BABY CARE","BABY WIPES",18.197599999999998,"2024-03"
"BABY CARE","DIAPER",53.6272,"2024-03"
"DISH WASHING","ADW",13.4979,"2024-03"
"DISH WASHING","HDW",15.072600000000001,"2024-03"
"FABRIC CARE","FABRIC ENHANCER",3.3260000000000005,"2024-03"
"FABRIC CARE","LAUNDRY",75.13809999999997,"2024-03"
"FEMININE CARE","INCO",4.106000000000001,"2024-03"
"FEMININE CARE","LINERS",18.5824,"2024-03"
"FEMININE CARE","PADS",15.389000000000003,"2024-03"
"FEMININE CARE","TAMPONS",10.534400000000002,"2024-03"
"GROOMING","FEMALE DISPOSABL RAZ",2.0688999999999997,"2024-03"
"GROOMING","FEMALE HR RMVL APPLN",0.212,"2024-03"
"GROOMING","FEMALE PREM B&R SYS",3.5241,"2024-03"
"GROOMING","FEMALE SHAVE PREP",0.11960000000000001,"2024-03"
"GROOMING","MALE DISPOSABL RAZOR",17.9204,"2024-03"
"GROOMING","MALE HAIR REMV APPLN",1.3570000000000002,"2024-03"
"GROOMING","MALE OT SYSDBL EDGE",0.3337,"2024-03"
"GROOMING","MALE PREMIUM B&R SYS",7.451,"2024-03"
"GROOMING","MALE SHAVE PREP",1.018,"2024-03"
"GROOMING","MALE SKIN CARE",0.1245,"2024-03"
"HAIR CARE","AUSSIE",0.1745,"2024-03"
"HAIR CARE","H&S",58.60070000000001,"2024-03"
"HAIR CARE","HERBAL ESSENCES",3.902100000000001,"2024-03"
"HAIR CARE","PANTENE",32.38469999999999,"2024-03"
"HOME CARE","AIR CARE",5.0212,"2024-03"
"HOME CARE","CLEANING PRODUCTS",7.6405,"2024-03"
"HOME CARE","CLEANING SYSTEMS",0.8756,"2024-03"
"ORAL CARE","DENTAL FLOSS",0.43400000000000005,"2024-03"
"ORAL CARE","DENTIFRICE",6.0308,"2024-03"
"ORAL CARE","DENTURE CARE",0.6402000000000001,"2024-03"
"ORAL CARE","MANUAL ORAL CARE",0.8939999999999999,"2024-03"
"ORAL CARE","ORAL RINSE",0.7075,"2024-03"
"ORAL CARE","POWER ORAL CARE",5.888399999999998,"2024-03"
"PERSONAL CARE","APDO & BODY SPRAY",1.1143999999999998,"2024-03"
"PERSONAL CARE","MASS FRAGRANCE",0.495,"2024-03"
"PERSONAL CARE","PERSONAL CLEANSING",0.017300000000000003,"2024-03"
"PHC CARE","RESPIRATORY CARE",0.0107,"2024-03"
"PHC CARE","SLEEP AID",2.4691,"2024-03"
"PHC CARE","VITAMINS & SUPPLEMENTS",0.0047,"2024-03"
"SKIN CARE","FEMALE SKIN CARE",2.6319000000000004,"2024-03"
